filename,width,height,class,xmin,ymin,xmax,ymax
104 (2).jpeg,1080,720,05_go,244,204,572,517
104 (3).jpeg,1080,720,11_v,614,166,1054,612
104 (4).jpeg,1080,720,13_x,557,174,1053,638
104 (5).jpeg,1080,720,14_y,560,97,925,475
104.jpeg,1080,720,06_6,195,150,582,528
112 (2).jpeg,1080,720,04_left,345,226,703,645
112 (3).jpeg,1080,720,11_v,413,201,843,579
112 (4).jpeg,1080,720,12_w,692,238,1061,594
112 (5).jpeg,1080,720,13_x,606,228,1054,639
120 (2).jpeg,1080,720,08_8,545,208,887,537
120 (3).jpeg,1080,720,05_go,340,242,665,594
120.jpeg,1080,720,07_7,557,187,1014,672
128.jpeg,1080,720,08_8,435,211,780,541
136.jpeg,1080,720,02_down,468,3,860,381
144.jpeg,1080,720,08_8,265,187,665,563
16 (2).jpeg,1080,720,02_down,467,223,813,552
16.jpeg,1080,720,07_7,468,184,844,535
160.jpeg,1080,720,03_right,163,259,502,576
168 (2).jpeg,1080,720,02_down,1,34,520,553
168 (3).jpeg,1080,720,03_right,1,268,331,576
168.jpeg,1080,720,09_9,581,112,1031,571
184.jpeg,1080,720,09_9,458,27,905,481
192.jpeg,1080,720,09_9,455,102,909,569
20200828_085913.jpg,640,480,11_v,249,163,419,330
20200828_090054.jpg,640,480,11_v,228,175,361,303
20200828_090102.jpg,640,480,11_v,240,147,408,309
20200828_090121.jpg,640,480,11_v,258,173,408,317
20200828_090128.jpg,640,480,11_v,253,215,405,363
20200828_090144.jpg,640,480,11_v,231,189,406,366
20200828_090212.jpg,640,480,11_v,238,182,377,311
20200828_090241.jpg,640,480,11_v,247,150,413,293
20200828_090302.jpg,640,480,11_v,238,128,375,256
20200828_090348.jpg,640,480,12_w,199,104,360,262
20200828_090414.jpg,640,480,12_w,208,144,356,285
20200828_090432.jpg,640,480,12_w,216,169,351,296
20200828_090435.jpg,640,480,12_w,221,157,348,278
20200828_090447.jpg,640,480,12_w,268,145,380,258
20200828_090456.jpg,640,480,12_w,241,139,384,281
20200828_090512.jpg,640,480,12_w,248,161,386,296
20200828_090531.jpg,640,480,12_w,244,135,451,327
20200828_090727.jpg,640,480,12_w,270,151,411,288
20200828_090741.jpg,640,480,12_w,225,174,369,311
20200828_090749.jpg,640,480,12_w,244,172,391,313
20200828_090828.jpg,640,480,11_v,262,149,405,282
20200828_090830.jpg,640,480,11_v,258,129,408,272
20200828_090835.jpg,640,480,11_v,248,174,401,308
20200828_090838.jpg,640,480,11_v,248,181,397,324
20200828_090844.jpg,640,480,11_v,267,101,421,256
20200828_090846.jpg,640,480,11_v,237,131,383,279
20200828_090852.jpg,640,480,11_v,255,174,402,312
20200828_090907.jpg,640,480,11_v,209,141,341,259
20200828_090909.jpg,640,480,11_v,242,101,353,212
20200828_090917.jpg,640,480,11_v,243,148,427,326
20200828_090924.jpg,640,480,11_v,261,159,382,281
20200828_091008.jpg,640,480,06_6,193,95,383,291
20200828_091030.jpg,640,480,06_6,262,127,407,279
20200828_091053.jpg,640,480,06_6,251,124,409,282
20200828_091103.jpg,640,480,06_6,232,142,372,284
20200828_091114.jpg,640,480,06_6,255,147,367,261
20200828_091138.jpg,640,480,06_6,253,130,376,254
20200828_091153.jpg,640,480,06_6,245,133,374,263
20200828_091211.jpg,640,480,06_6,245,125,400,281
20200828_091226.jpg,640,480,06_6,318,139,457,281
20200828_091239.jpg,640,480,06_6,276,167,418,306
20200828_091243.jpg,640,480,06_6,279,160,418,294
20200828_091254.jpg,640,480,06_6,266,144,408,284
20200828_091305.jpg,640,480,06_6,204,204,321,316
20200828_091357.jpg,640,480,03_right,253,63,374,196
20200828_091400.jpg,640,480,03_right,253,122,354,227
20200828_091409.jpg,640,480,03_right,268,133,365,233
20200828_091420.jpg,640,480,03_right,241,232,366,366
20200828_091432.jpg,640,480,03_right,280,134,397,253
20200828_091453.jpg,640,480,03_right,249,126,377,256
20200828_091500.jpg,640,480,03_right,311,141,435,271
20200828_091524.jpg,640,480,03_right,256,162,366,271
20200828_091536.jpg,640,480,03_right,292,109,420,237
20200828_091602.jpg,640,480,03_right,241,142,422,323
20200828_091619.jpg,640,480,03_right,246,133,380,278
20200828_091710.jpg,640,480,03_right,286,133,403,251
20200828_091717.jpg,640,480,03_right,247,123,355,232
20200828_091737.jpg,640,480,10_0,221,189,354,331
20200828_091748.jpg,640,480,10_0,223,209,359,342
20200828_091802.jpg,640,480,10_0,262,184,398,330
20200828_091804.jpg,640,480,10_0,257,184,399,332
20200828_091813.jpg,640,480,10_0,205,125,339,256
20200828_091826.jpg,640,480,10_0,207,134,328,253
20200828_091840.jpg,640,480,10_0,205,150,324,274
20200828_091856.jpg,640,480,10_0,228,199,374,341
20200828_091907.jpg,640,480,10_0,239,179,354,294
20200828_091959.jpg,640,480,10_0,184,94,335,244
20200828_092001.jpg,640,480,10_0,217,81,362,232
20200828_092012.jpg,640,480,10_0,118,131,257,269
20200828_092014.jpg,640,480,10_0,214,128,347,260
20200828_092028.jpg,640,480,10_0,258,136,369,247
20200828_092107.jpg,640,480,13_x,248,190,388,323
20200828_092117.jpg,640,480,13_x,243,161,376,283
20200828_092128.jpg,640,480,13_x,228,132,356,259
20200828_092139.jpg,640,480,13_x,239,128,363,248
20200828_092151.jpg,640,480,13_x,239,161,351,276
20200828_092206.jpg,640,480,13_x,228,150,357,271
20200828_092232.jpg,640,480,13_x,277,221,431,381
20200828_092239.jpg,640,480,13_x,318,275,406,362
20200828_092320.jpg,640,480,13_x,231,104,373,242
20200828_092425.jpg,640,480,13_x,201,180,373,346
20200828_092440.jpg,640,480,13_x,257,141,378,262
20200828_092443.jpg,640,480,13_x,270,142,372,244
20200828_092455.jpg,640,480,13_x,215,119,329,239
20200828_092501.jpg,640,480,13_x,265,144,371,253
20200828_092512.jpg,640,480,13_x,248,187,357,302
20200828_092544.jpg,640,480,04_left,245,151,365,268
20200828_092554.jpg,640,480,04_left,287,168,423,304
20200828_092606.jpg,640,480,04_left,226,181,350,304
20200828_092617.jpg,640,480,04_left,263,166,355,256
20200828_092629.jpg,640,480,04_left,248,169,383,301
20200828_092651.jpg,640,480,04_left,275,129,408,262
20200828_092711.jpg,640,480,04_left,299,191,405,302
20200828_092725.jpg,640,480,04_left,268,174,364,273
20200828_092741.jpg,640,480,04_left,219,146,310,244
20200828_092747.jpg,640,480,04_left,236,147,353,268
20200828_092806.jpg,640,480,04_left,236,199,355,309
20200828_092856.jpg,640,480,04_left,275,133,422,278
20200828_092900.jpg,640,480,04_left,267,133,366,230
20200828_092908.jpg,640,480,04_left,215,102,366,250
20200828_092942.jpg,640,480,04_left,90,58,213,179
20200828_092942.jpg,640,480,06_6,333,172,453,291
20200828_092947.jpg,640,480,13_x,228,78,359,211
20200828_092947.jpg,640,480,04_left,445,229,560,346
20200828_092951.jpg,640,480,11_v,166,288,298,419
20200828_092951.jpg,640,480,10_0,413,183,563,336
20200828_092955.jpg,640,480,03_right,54,62,187,194
20200828_092955.jpg,640,480,06_6,128,349,253,470
20200828_092955.jpg,640,480,12_w,302,50,430,181
20200828_093011.jpg,640,480,13_x,151,304,261,409
20200828_093011.jpg,640,480,03_right,383,307,496,421
20200828_093011.jpg,640,480,11_v,266,86,377,197
20200828_093015.jpg,640,480,04_left,181,287,305,411
20200828_093015.jpg,640,480,03_right,433,91,542,206
20200828_093015.jpg,640,480,13_x,201,90,312,204
20200828_093018.jpg,640,480,12_w,436,69,548,180
20200828_093018.jpg,640,480,06_6,252,324,363,436
20200828_093018.jpg,640,480,03_right,91,251,208,361
20200828_093025.jpg,640,480,11_v,173,49,291,169
20200828_093025.jpg,640,480,13_x,60,281,176,396
20200828_093025.jpg,640,480,10_0,298,302,418,414
20200828_093031.jpg,640,480,10_0,81,84,221,217
20200828_093031.jpg,640,480,04_left,111,301,236,423
20200828_093031.jpg,640,480,06_6,458,239,578,361
20200828_093059.jpg,640,480,12_w,188,121,296,231
20200828_093059.jpg,640,480,10_0,13,227,119,331
20200828_093059.jpg,640,480,03_right,268,331,373,434
20200828_105400.jpg,640,480,11_v,176,116,204,184
20200828_105401.jpg,640,480,11_v,148,111,184,189
20200828_105402.jpg,640,480,11_v,116,106,164,200
20200828_105404.jpg,640,480,11_v,78,114,138,220
20200828_105408.jpg,640,480,11_v,228,89,252,165
20200828_105409.jpg,640,480,11_v,212,92,241,175
20200828_105410.jpg,640,480,11_v,168,113,208,224
20200828_105411.jpg,640,480,11_v,114,131,173,260
20200828_105419.jpg,640,480,11_v,484,56,506,123
20200828_105421.jpg,640,480,11_v,498,73,528,158
20200828_105422.jpg,640,480,11_v,514,95,554,198
20200828_105446.jpg,640,480,12_w,108,97,149,204
20200828_105448.jpg,640,480,12_w,96,124,149,235
20200828_105450.jpg,640,480,12_w,170,91,208,184
20200828_105453.jpg,640,480,12_w,97,134,156,282
20200828_105455.jpg,640,480,12_w,89,122,146,261
20200828_105456.jpg,640,480,12_w,61,125,124,251
20200828_105522(0).jpg,640,480,06_6,176,99,216,204
20200828_105522.jpg,640,480,06_6,200,84,229,167
20200828_105523.jpg,640,480,06_6,161,128,204,253
20200828_105524.jpg,640,480,06_6,193,132,228,263
20200828_105526.jpg,640,480,06_6,173,132,207,236
20200828_105535.jpg,640,480,10_0,180,47,212,147
20200828_105536.jpg,640,480,10_0,146,91,185,207
20200828_105537.jpg,640,480,10_0,131,126,177,248
20200828_105538.jpg,640,480,10_0,173,117,208,221
20200828_105540.jpg,640,480,10_0,200,119,232,224
20200828_105541.jpg,640,480,10_0,124,143,179,280
20200828_105551.jpg,640,480,13_x,141,87,188,192
20200828_105552.jpg,640,480,13_x,174,94,210,188
20200828_105553.jpg,640,480,13_x,158,115,202,221
20200828_105554(0).jpg,640,480,13_x,96,140,165,279
20200828_105554.jpg,640,480,13_x,131,127,188,248
20200828_105555.jpg,640,480,13_x,175,110,210,202
20200828_105556.jpg,640,480,13_x,125,121,176,236
20200828_105603.jpg,640,480,04_left,124,69,168,184
20200828_105604.jpg,640,480,04_left,109,113,163,242
20200828_105605.jpg,640,480,04_left,162,99,201,209
20200828_105606.jpg,640,480,04_left,187,89,217,189
20200828_105607.jpg,640,480,04_left,158,111,205,237
20200828_105608.jpg,640,480,04_left,134,126,194,287
20200828_105617.jpg,640,480,03_right,100,139,151,272
20200828_105618.jpg,640,480,03_right,151,113,186,219
20200828_105619.jpg,640,480,03_right,102,134,152,264
20200828_105620.jpg,640,480,03_right,76,148,142,303
20200828_105621.jpg,640,480,03_right,217,129,249,285
20200828_105622.jpg,640,480,03_right,180,137,230,348
20200828_105624.jpg,640,480,03_right,122,148,208,407
20200828_105625.jpg,640,480,03_right,199,117,239,269
20200831_162355.jpg,640,480,03_right,267,154,379,266
20200831_162358.jpg,640,480,03_right,251,149,368,273
20200831_162359.jpg,640,480,03_right,196,139,311,257
20200831_162401.jpg,640,480,03_right,233,135,347,249
20200831_162412.jpg,640,480,03_right,258,101,353,198
20200831_162415.jpg,640,480,03_right,335,97,427,193
20200831_162417.jpg,640,480,03_right,289,91,388,194
20200831_162456.jpg,640,480,03_right,252,109,383,239
20200831_162502.jpg,640,480,03_right,219,107,329,221
20200831_162512.jpg,640,480,03_right,297,104,404,220
20200831_162552.jpg,640,480,03_right,202,132,339,266
20200831_162553.jpg,640,480,03_right,219,131,321,236
20200831_162555.jpg,640,480,03_right,237,97,341,208
20200831_162637.jpg,640,480,04_left,188,138,300,250
20200831_162639.jpg,640,480,04_left,221,135,330,238
20200831_162659.jpg,640,480,13_x,216,116,318,216
20200831_162702.jpg,640,480,13_x,190,109,300,217
20200831_162704.jpg,640,480,13_x,257,119,353,216
20200831_162735.jpg,640,480,10_0,251,137,360,251
20200831_162738.jpg,640,480,10_0,239,145,349,253
20200831_162758.jpg,640,480,06_6,224,116,334,229
20200831_162800.jpg,640,480,06_6,245,111,350,219
20200831_162802.jpg,640,480,06_6,208,135,310,242
20200831_162829.jpg,640,480,13_x,235,153,334,253
20200831_162830.jpg,640,480,12_w,263,147,360,246
20200831_162832.jpg,640,480,12_w,205,149,302,251
20200831_162845.jpg,640,480,11_v,202,121,337,251
20200831_162847.jpg,640,480,11_v,260,169,368,282
20200831_162849.jpg,640,480,11_v,218,150,330,261
20200831_162917.jpg,640,480,11_v,237,125,385,269
20200831_162919.jpg,640,480,11_v,248,110,402,263
20200831_163006.jpg,640,480,11_v,279,135,391,245
20200831_163008.jpg,640,480,11_v,292,106,401,216
20200831_163012.jpg,640,480,11_v,272,145,403,274
20200831_163037.jpg,640,480,10_0,245,140,380,272
20200831_163039.jpg,640,480,10_0,258,115,403,259
20200831_163042.jpg,640,480,10_0,237,118,358,248
20200831_163045.jpg,640,480,10_0,270,131,375,230
20200831_163106.jpg,640,480,06_6,234,130,343,244
20200831_163107.jpg,640,480,06_6,248,92,364,214
20200831_163110.jpg,640,480,06_6,235,96,353,217
20200831_163113.jpg,640,480,06_6,275,110,373,211
20200831_163131.jpg,640,480,12_w,238,125,380,261
20200831_163133.jpg,640,480,12_w,220,113,351,248
20200831_163134.jpg,640,480,12_w,256,119,355,217
20200831_163137.jpg,640,480,12_w,225,122,359,257
20200831_163159.jpg,640,480,13_x,276,124,426,276
20200831_163307.jpg,640,480,03_right,255,129,390,267
20200831_163309.jpg,640,480,03_right,210,104,347,244
20200831_163312.jpg,640,480,03_right,283,112,385,214
20200831_163327.jpg,640,480,04_left,227,138,362,275
20200831_163329.jpg,640,480,04_left,225,105,348,236
20200831_163331.jpg,640,480,04_left,303,89,431,222
20200831_163333.jpg,640,480,04_left,275,119,387,233
20200831_163400.jpg,640,480,04_left,231,90,349,210
20200831_163404.jpg,640,480,04_left,238,105,345,210
20200831_163408.jpg,640,480,04_left,250,113,376,249
20200831_163414.jpg,640,480,04_left,245,126,341,225
20200831_163531.jpg,640,480,13_x,236,116,375,252
20200831_163533.jpg,640,480,13_x,267,104,372,214
20200831_163535.jpg,640,480,13_x,246,95,354,206
20200831_163537.jpg,640,480,13_x,261,103,374,221
20200831_163602.jpg,640,480,12_w,198,97,343,241
20200831_163604.jpg,640,480,12_w,220,119,339,241
20200831_163606.jpg,640,480,12_w,227,123,355,257
20200831_163608.jpg,640,480,12_w,268,113,373,222
20200831_163639.jpg,640,480,06_6,218,80,337,200
20200831_163640.jpg,640,480,06_6,222,94,323,200
20200831_163643.jpg,640,480,06_6,207,85,346,226
20200831_163645.jpg,640,480,06_6,270,131,370,234
20200831_163742.jpg,640,480,06_6,280,79,404,207
20200831_163744.jpg,640,480,10_0,230,91,353,221
20200831_163814.jpg,640,480,11_v,268,128,401,267
20200831_163819.jpg,640,480,11_v,201,112,348,259
20200831_163932.jpg,640,480,03_right,267,81,414,231
20200831_163935.jpg,640,480,03_right,256,73,396,221
20200831_163958.jpg,640,480,06_6,275,54,428,205
20200831_164000.jpg,640,480,06_6,259,60,400,207
20200831_164002.jpg,640,480,06_6,243,42,389,195
20200831_164023.jpg,640,480,12_w,226,127,356,252
20200831_164025.jpg,640,480,12_w,225,113,356,245
20200831_164026.jpg,640,480,12_w,230,94,365,234
20200831_164042.jpg,640,480,13_x,242,110,379,246
20200831_164043.jpg,640,480,13_x,246,94,389,241
208.jpeg,1080,720,09_9,481,99,937,571
224.jpeg,1080,720,09_9,469,78,930,540
24 (3).jpeg,1080,720,07_7,394,182,770,559
24 (4).jpeg,1080,720,08_8,478,182,854,553
24 (5).jpeg,1080,720,02_down,548,241,899,552
24 (6).jpeg,1080,720,04_left,623,103,987,428
24 (7).jpeg,1080,720,03_right,362,219,767,607
24.jpeg,1080,720,10_0,528,152,948,532
32 (2).jpeg,1080,720,03_right,298,229,697,598
32.jpeg,1080,720,10_0,565,91,1021,489
40 (2).jpeg,1080,720,08_8,508,179,905,559
40 (3).jpeg,1080,720,03_right,335,247,688,584
40 (4).jpeg,1080,720,01_up,461,192,893,620
40 (5).jpeg,1080,720,15_z,426,85,821,454
40.jpeg,1080,720,06_6,535,121,1057,651
48 (3).jpeg,1080,720,11_v,537,97,987,505
48 (4).jpeg,1080,720,12_w,323,61,747,452
48.jpeg,1080,720,06_6,660,96,1080,642
56 (2).jpeg,1080,720,04_left,434,59,811,412
56 (3).jpeg,1080,720,01_up,335,189,793,632
56 (4).jpeg,1080,720,13_x,565,356,860,634
56.jpeg,1080,720,06_6,467,142,985,688
72 (3).jpeg,1080,720,14_y,371,10,886,495
72 (4).jpeg,1080,720,15_z,353,78,731,438
72.jpeg,1080,720,10_0,574,132,923,463
80 (10).jpeg,1080,720,15_z,348,44,783,462
80 (2).jpeg,1080,720,06_6,482,29,1026,585
80 (3).jpeg,1080,720,05_go,181,226,470,535
80 (4).jpeg,1080,720,04_left,453,71,927,507
80 (5).jpeg,1080,720,01_up,335,190,797,643
80 (6).jpeg,1080,720,11_v,381,150,872,582
80 (7).jpeg,1080,720,12_w,250,130,758,601
80 (8).jpeg,1080,720,13_x,451,341,770,649
80 (9).jpeg,1080,720,14_y,400,8,884,504
80.jpeg,1080,720,10_0,508,185,815,464
88 (2).jpeg,1080,720,05_go,1,261,265,593
88 (3).jpeg,1080,720,01_up,394,227,794,607
88 (4).jpeg,1080,720,11_v,414,144,937,606
88 (5).jpeg,1080,720,12_w,283,108,754,549
88 (6).jpeg,1080,720,13_x,451,340,811,672
88 (7).jpeg,1080,720,14_y,468,57,898,482
88 (8).jpeg,1080,720,15_z,368,37,832,479
88.jpeg,1080,720,10_0,389,195,685,458
96 (2).jpeg,1080,720,04_left,581,80,1080,520
96 (3).jpeg,1080,720,01_up,484,248,831,589
96 (4).jpeg,1080,720,12_w,339,125,768,525
96 (6).jpeg,1080,720,14_y,455,74,857,481
96 (7).jpeg,1080,720,15_z,577,99,941,439
96.jpeg,1080,720,05_go,90,313,398,641
resized_IMG_6171.jpg,640,480,01_up,102,96,209,164
resized_IMG_6171.jpg,640,480,07_7,239,85,354,163
resized_IMG_6171.jpg,640,480,09_9,400,106,507,179
resized_IMG_6171.jpg,640,480,14_y,354,198,479,309
resized_IMG_6171.jpg,640,480,05_go,468,315,621,471
resized_IMG_6171.jpg,640,480,08_8,249,292,402,445
resized_IMG_6171.jpg,640,480,15_z,133,183,276,293
resized_IMG_6171.jpg,640,480,02_down,1,309,168,445
resized_IMG_6172.jpg,640,480,02_down,100,93,207,163
resized_IMG_6172.jpg,640,480,07_7,239,78,355,165
resized_IMG_6172.jpg,640,480,09_9,402,102,507,178
resized_IMG_6172.jpg,640,480,14_y,356,200,481,309
resized_IMG_6172.jpg,640,480,05_go,468,314,620,470
resized_IMG_6172.jpg,640,480,08_8,246,289,403,443
resized_IMG_6172.jpg,640,480,15_z,133,180,278,290
resized_IMG_6172.jpg,640,480,02_down,4,306,167,443
resized_IMG_6174.jpg,640,480,01_up,98,76,208,148
resized_IMG_6174.jpg,640,480,07_7,239,62,357,145
resized_IMG_6174.jpg,640,480,09_9,406,87,512,163
resized_IMG_6174.jpg,640,480,14_y,359,186,483,298
resized_IMG_6174.jpg,640,480,05_go,471,303,621,463
resized_IMG_6174.jpg,640,480,08_8,250,277,406,435
resized_IMG_6174.jpg,640,480,15_z,134,168,278,278
resized_IMG_6174.jpg,640,480,02_down,1,296,169,433
resized_IMG_6175.jpg,640,480,01_up,99,61,208,135
resized_IMG_6175.jpg,640,480,07_7,240,50,360,137
resized_IMG_6175.jpg,640,480,09_9,407,72,517,154
resized_IMG_6175.jpg,640,480,14_y,360,176,484,290
resized_IMG_6175.jpg,640,480,05_go,470,295,622,452
resized_IMG_6175.jpg,640,480,08_8,250,269,409,426
resized_IMG_6175.jpg,640,480,15_z,136,157,279,269
resized_IMG_6175.jpg,640,480,02_down,5,286,171,426
resized_IMG_6176.jpg,640,480,01_up,97,51,211,128
resized_IMG_6176.jpg,640,480,07_7,241,39,362,127
resized_IMG_6176.jpg,640,480,09_9,410,62,518,143
resized_IMG_6176.jpg,640,480,14_y,360,167,487,283
resized_IMG_6176.jpg,640,480,05_go,470,287,619,444
resized_IMG_6176.jpg,640,480,08_8,252,262,408,419
resized_IMG_6176.jpg,640,480,15_z,137,147,281,261
resized_IMG_6176.jpg,640,480,02_down,12,277,173,418
resized_IMG_6177.jpg,640,480,01_up,98,48,210,128
resized_IMG_6177.jpg,640,480,07_7,241,34,362,123
resized_IMG_6177.jpg,640,480,09_9,411,59,520,144
resized_IMG_6177.jpg,640,480,14_y,359,166,489,281
resized_IMG_6177.jpg,640,480,05_go,470,287,618,444
resized_IMG_6177.jpg,640,480,08_8,255,264,411,418
resized_IMG_6177.jpg,640,480,15_z,137,148,281,264
resized_IMG_6177.jpg,640,480,02_down,16,280,176,416
resized_IMG_6179.jpg,640,480,01_up,102,41,210,121
resized_IMG_6179.jpg,640,480,07_7,242,26,363,120
resized_IMG_6179.jpg,640,480,09_9,413,52,521,138
resized_IMG_6179.jpg,640,480,15_z,143,143,284,261
resized_IMG_6179.jpg,640,480,14_y,363,163,489,279
resized_IMG_6179.jpg,640,480,05_go,469,283,610,439
resized_IMG_6179.jpg,640,480,08_8,260,262,411,416
resized_IMG_6179.jpg,640,480,02_down,28,278,180,414
resized_IMG_6180.jpg,640,480,01_up,102,43,212,126
resized_IMG_6180.jpg,640,480,07_7,245,29,365,123
resized_IMG_6180.jpg,640,480,09_9,412,54,519,144
resized_IMG_6180.jpg,640,480,14_y,361,165,488,284
resized_IMG_6180.jpg,640,480,15_z,145,147,287,264
resized_IMG_6180.jpg,640,480,08_8,261,265,411,418
resized_IMG_6180.jpg,640,480,05_go,468,288,610,441
resized_IMG_6180.jpg,640,480,02_down,31,282,182,420
resized_IMG_6181.jpg,640,480,01_up,104,47,211,132
resized_IMG_6181.jpg,640,480,07_7,244,33,363,126
resized_IMG_6181.jpg,640,480,09_9,412,58,519,144
resized_IMG_6181.jpg,640,480,14_y,364,171,485,287
resized_IMG_6181.jpg,640,480,05_go,465,292,607,448
resized_IMG_6181.jpg,640,480,08_8,261,270,410,420
resized_IMG_6181.jpg,640,480,15_z,145,150,285,267
resized_IMG_6181.jpg,640,480,02_down,35,286,183,422
resized_IMG_6183.jpg,640,480,01_up,108,55,209,131
resized_IMG_6183.jpg,640,480,07_7,252,37,364,134
resized_IMG_6183.jpg,640,480,09_9,413,62,521,149
resized_IMG_6183.jpg,640,480,14_y,363,179,486,297
resized_IMG_6183.jpg,640,480,05_go,466,301,604,455
resized_IMG_6183.jpg,640,480,08_8,275,281,409,431
resized_IMG_6183.jpg,640,480,15_z,159,161,285,275
resized_IMG_6183.jpg,640,480,02_down,40,301,177,425
resized_IMG_6184.jpg,640,480,01_up,105,49,208,131
resized_IMG_6184.jpg,640,480,07_7,258,31,354,119
resized_IMG_6184.jpg,640,480,09_9,419,59,521,148
resized_IMG_6184.jpg,640,480,14_y,370,179,488,295
resized_IMG_6184.jpg,640,480,05_go,470,308,603,458
resized_IMG_6184.jpg,640,480,08_8,260,279,410,435
resized_IMG_6184.jpg,640,480,02_down,35,299,181,431
resized_IMG_6184.jpg,640,480,15_z,147,160,284,280
resized_IMG_6185.jpg,640,480,05_go,466,307,609,463
resized_IMG_6185.jpg,640,480,14_y,366,176,491,301
resized_IMG_6185.jpg,640,480,09_9,416,54,526,149
resized_IMG_6185.jpg,640,480,07_7,250,31,366,128
resized_IMG_6185.jpg,640,480,01_up,100,45,208,128
resized_IMG_6185.jpg,640,480,15_z,158,160,284,280
resized_IMG_6185.jpg,640,480,08_8,270,286,411,435
resized_IMG_6185.jpg,640,480,02_down,37,299,180,433
resized_IMG_6186.jpg,640,480,05_go,467,309,608,466
resized_IMG_6186.jpg,640,480,14_y,365,175,494,301
resized_IMG_6186.jpg,640,480,09_9,419,51,529,146
resized_IMG_6186.jpg,640,480,07_7,241,24,367,124
resized_IMG_6186.jpg,640,480,08_8,276,292,399,432
resized_IMG_6186.jpg,640,480,02_down,44,302,177,431
resized_IMG_6186.jpg,640,480,15_z,167,157,271,271
resized_IMG_6186.jpg,640,480,01_up,102,41,202,125
resized_IMG_6194.jpg,640,480,05_go,491,334,633,478
resized_IMG_6194.jpg,640,480,14_y,382,188,515,326
resized_IMG_6194.jpg,640,480,09_9,435,52,551,156
resized_IMG_6194.jpg,640,480,07_7,247,20,378,135
resized_IMG_6194.jpg,640,480,08_8,278,311,431,477
resized_IMG_6194.jpg,640,480,15_z,144,173,292,311
resized_IMG_6194.jpg,640,480,02_down,40,334,186,480
resized_IMG_6194.jpg,640,480,01_up,88,40,205,147
resized_IMG_6195.jpg,640,480,05_go,496,333,634,478
resized_IMG_6195.jpg,640,480,14_y,380,195,508,326
resized_IMG_6195.jpg,640,480,09_9,425,51,542,153
resized_IMG_6195.jpg,640,480,07_7,235,25,367,139
resized_IMG_6195.jpg,640,480,08_8,281,320,432,478
resized_IMG_6195.jpg,640,480,15_z,141,185,286,317
resized_IMG_6195.jpg,640,480,01_up,79,50,198,160
resized_IMG_6195.jpg,640,480,02_down,47,348,187,478
resized_IMG_6196.jpg,640,480,05_go,504,328,640,479
resized_IMG_6196.jpg,640,480,14_y,387,194,514,321
resized_IMG_6196.jpg,640,480,09_9,420,49,540,148
resized_IMG_6196.jpg,640,480,07_7,234,30,362,140
resized_IMG_6196.jpg,640,480,08_8,293,321,438,478
resized_IMG_6196.jpg,640,480,02_down,60,353,204,478
resized_IMG_6196.jpg,640,480,15_z,150,189,289,321
resized_IMG_6196.jpg,640,480,01_up,77,55,198,170
resized_IMG_6199.jpg,640,480,05_go,530,291,640,428
resized_IMG_6199.jpg,640,480,14_y,408,163,538,282
resized_IMG_6199.jpg,640,480,09_9,431,11,557,113
resized_IMG_6199.jpg,640,480,07_7,249,5,372,111
resized_IMG_6199.jpg,640,480,08_8,329,292,466,438
resized_IMG_6199.jpg,640,480,02_down,93,328,244,478
resized_IMG_6199.jpg,640,480,15_z,175,170,308,295
resized_IMG_6199.jpg,640,480,01_up,86,33,213,153
resized_IMG_6212.jpg,640,480,09_9,384,58,497,151
resized_IMG_6212.jpg,640,480,08_8,319,312,441,430
resized_IMG_6212.jpg,640,480,01_up,88,92,204,208
resized_IMG_6212.jpg,640,480,07_7,233,65,332,152
resized_IMG_6212.jpg,640,480,15_z,182,211,293,320
resized_IMG_6212.jpg,640,480,14_y,373,189,492,296
resized_IMG_6212.jpg,640,480,05_go,482,294,614,412
resized_IMG_6212.jpg,640,480,02_down,115,352,255,479
resized_IMG_6213.jpg,640,480,07_7,235,66,335,157
resized_IMG_6213.jpg,640,480,09_9,385,61,498,156
resized_IMG_6213.jpg,640,480,14_y,376,194,491,298
resized_IMG_6213.jpg,640,480,05_go,486,298,612,415
resized_IMG_6213.jpg,640,480,08_8,323,314,440,432
resized_IMG_6213.jpg,640,480,02_down,118,354,256,479
resized_IMG_6213.jpg,640,480,15_z,185,214,296,322
resized_IMG_6213.jpg,640,480,01_up,90,97,208,211
resized_IMG_6214.jpg,640,480,05_go,488,304,616,419
resized_IMG_6214.jpg,640,480,08_8,326,320,443,438
resized_IMG_6214.jpg,640,480,14_y,378,200,496,304
resized_IMG_6214.jpg,640,480,02_down,124,358,262,479
resized_IMG_6214.jpg,640,480,15_z,191,220,299,332
resized_IMG_6214.jpg,640,480,09_9,391,68,502,163
resized_IMG_6214.jpg,640,480,07_7,241,74,340,164
resized_IMG_6214.jpg,640,480,01_up,98,104,212,214
resized_IMG_6333.JPG,640,480,02_down,295,223,476,364
resized_IMG_6334.JPG,640,480,02_down,290,225,477,370
resized_IMG_6338.JPG,640,480,02_down,285,216,463,367
resized_IMG_6339.JPG,640,480,02_down,280,215,456,363
resized_IMG_6356.JPG,640,480,02_down,241,150,442,338
resized_IMG_6357.JPG,640,480,02_down,243,147,443,336
resized_IMG_6365.JPG,640,480,02_down,194,132,430,345
resized_IMG_6366.JPG,640,480,02_down,191,127,433,347
resized_IMG_6380.JPG,640,480,02_down,149,111,465,333
resized_IMG_6381.JPG,640,480,02_down,161,118,481,344
resized_IMG_6387.JPG,640,480,02_down,226,160,500,378
resized_IMG_6389.JPG,640,480,02_down,235,161,507,375
resized_IMG_6397.JPG,640,480,02_down,209,197,431,407
resized_IMG_6400.JPG,640,480,15_z,269,244,427,362
resized_IMG_6401.JPG,640,480,15_z,272,241,430,359
resized_IMG_6417.JPG,640,480,15_z,273,233,428,378
resized_IMG_6418.JPG,640,480,15_z,263,233,417,377
resized_IMG_6427.JPG,640,480,15_z,223,147,382,298
resized_IMG_6428.JPG,640,480,15_z,216,144,379,300
resized_IMG_6442.JPG,640,480,15_z,197,112,406,307
resized_IMG_6443.JPG,640,480,15_z,204,127,413,317
resized_IMG_6450.JPG,640,480,15_z,165,137,388,319
resized_IMG_6456.JPG,640,480,15_z,190,172,414,333
resized_IMG_6457.JPG,640,480,15_z,196,176,431,338
resized_IMG_6458.JPG,640,480,15_z,214,170,449,329
resized_IMG_6459.JPG,640,480,08_8,290,217,465,359
resized_IMG_6460.JPG,640,480,08_8,296,199,482,354
resized_IMG_6469.JPG,640,480,08_8,308,173,533,376
resized_IMG_6470.JPG,640,480,08_8,315,183,532,382
resized_IMG_6477.JPG,640,480,08_8,295,211,463,365
resized_IMG_6478.JPG,640,480,08_8,291,198,452,345
resized_IMG_6487.JPG,640,480,08_8,245,181,427,357
resized_IMG_6488.JPG,640,480,08_8,240,181,425,356
resized_IMG_6502.JPG,640,480,08_8,256,80,530,331
resized_IMG_6503.JPG,640,480,08_8,257,79,530,324
resized_IMG_6516.JPG,640,480,08_8,309,243,508,438
resized_IMG_6517.JPG,640,480,08_8,309,247,507,437
resized_IMG_6638.JPG,640,480,05_go,286,204,467,348
resized_IMG_6639.JPG,640,480,05_go,295,221,482,365
resized_IMG_6648.JPG,640,480,05_go,300,232,522,416
resized_IMG_6649.JPG,640,480,05_go,290,231,515,421
resized_IMG_6657.JPG,640,480,05_go,239,286,499,479
resized_IMG_6658.JPG,640,480,05_go,242,274,509,480
resized_IMG_6663.JPG,640,480,05_go,262,196,535,413
resized_IMG_6664.JPG,640,480,05_go,267,187,539,399
resized_IMG_6670.JPG,640,480,05_go,301,150,601,358
resized_IMG_6675.JPG,640,480,05_go,137,156,461,368
resized_IMG_6678.JPG,640,480,05_go,237,146,530,319
resized_IMG_6681.JPG,640,480,05_go,320,156,617,349
resized_IMG_6792.JPG,640,480,07_7,261,205,490,385
resized_IMG_6793.JPG,640,480,07_7,271,206,497,387
resized_IMG_6795.JPG,640,480,07_7,287,195,512,372
resized_IMG_6802.JPG,640,480,07_7,269,186,530,409
resized_IMG_6803.JPG,640,480,07_7,259,184,527,416
resized_IMG_6804.JPG,640,480,07_7,261,180,531,415
resized_IMG_6805.JPG,640,480,07_7,260,178,529,417
resized_IMG_6806.JPG,640,480,07_7,257,177,522,417
resized_IMG_6821.JPG,640,480,07_7,178,89,450,346
resized_IMG_6828.JPG,640,480,07_7,136,103,473,348
resized_IMG_6829.JPG,640,480,07_7,127,98,466,332
resized_IMG_6868.JPG,640,480,07_7,272,143,496,339
resized_IMG_6870.JPG,640,480,07_7,267,126,508,343
resized_IMG_6871.JPG,640,480,07_7,262,119,514,343
resized_IMG_6875.JPG,640,480,07_7,218,56,575,360
resized_IMG_6882.JPG,640,480,01_up,234,160,509,349
resized_IMG_6883.JPG,640,480,01_up,228,165,506,362
resized_IMG_6884.JPG,640,480,01_up,225,169,496,373
resized_IMG_6886.JPG,640,480,01_up,204,144,473,361
resized_IMG_6891.JPG,640,480,01_up,218,91,495,343
resized_IMG_6900.JPG,640,480,01_up,225,115,562,370
resized_IMG_6901.JPG,640,480,01_up,212,108,557,362
resized_IMG_6915.JPG,640,480,01_up,257,196,479,328
resized_IMG_6927.JPG,640,480,01_up,254,182,523,373
resized_IMG_6928.JPG,640,480,01_up,253,185,514,374
resized_IMG_6935.JPG,640,480,01_up,223,175,467,394
resized_IMG_6938.JPG,640,480,01_up,206,140,477,370
resized_IMG_6939.JPG,640,480,01_up,198,133,474,359
resized_IMG_7072.JPG,640,480,14_y,315,246,551,368
resized_IMG_7073.JPG,640,480,14_y,311,246,558,379
resized_IMG_7080.JPG,640,480,14_y,290,234,569,390
resized_IMG_7088.JPG,640,480,14_y,245,290,529,479
resized_IMG_7089.JPG,640,480,14_y,239,285,505,480
resized_IMG_7106.JPG,640,480,14_y,218,183,409,363
resized_IMG_7107.JPG,640,480,14_y,215,189,412,372
resized_IMG_7114.JPG,640,480,14_y,153,142,433,335
resized_IMG_7115.JPG,640,480,14_y,137,141,428,337
resized_IMG_7120.JPG,640,480,14_y,293,172,478,344
resized_IMG_7121.JPG,640,480,14_y,295,167,479,332
resized_IMG_7122.JPG,640,480,14_y,298,168,485,329
resized_IMG_7129.JPG,640,480,14_y,303,151,499,329
resized_IMG_7140.JPG,640,480,14_y,244,90,347,201
resized_IMG_7141.JPG,640,480,14_y,242,83,345,192
resized_IMG_7174 - Copy.JPG,640,480,14_y,245,107,366,237
resized_IMG_7174.JPG,640,480,14_y,245,106,366,243
resized_IMG_7175.JPG,640,480,14_y,223,107,352,247
resized_IMG_7194 - Copy.JPG,640,480,14_y,164,140,301,268
resized_IMG_7195 - Copy.JPG,640,480,14_y,172,146,308,267
resized_IMG_7196 - Copy.JPG,640,480,14_y,182,153,314,277
resized_IMG_7199 - Copy.JPG,640,480,14_y,326,117,405,199
resized_IMG_7200 - Copy.JPG,640,480,14_y,322,117,401,195
resized_IMG_7201 - Copy.JPG,640,480,14_y,315,116,397,198
resized_IMG_7204 - Copy.JPG,640,480,14_y,322,115,411,202
resized_IMG_7205 - Copy.JPG,640,480,14_y,333,117,425,205
resized_IMG_7206 - Copy.JPG,640,480,14_y,353,113,450,204
resized_IMG_7214 - Copy.JPG,640,480,14_y,278,100,382,202
resized_IMG_7215 - Copy.JPG,640,480,14_y,278,90,385,197
resized_IMG_7216 - Copy.JPG,640,480,14_y,285,80,395,193
resized_IMG_7219 - Copy.JPG,640,480,14_y,294,23,421,154
resized_IMG_7220 - Copy.JPG,640,480,14_y,287,15,418,151
resized_IMG_7221 - Copy.JPG,640,480,14_y,281,19,412,156
resized_IMG_7229 - Copy.JPG,640,480,14_y,180,77,325,239
resized_IMG_7230 - Copy.JPG,640,480,14_y,179,76,325,237
resized_IMG_7231 - Copy.JPG,640,480,14_y,174,75,325,243
resized_IMG_7239 - Copy.JPG,640,480,14_y,238,83,398,248
resized_IMG_7240 - Copy.JPG,640,480,14_y,257,80,418,248
resized_IMG_7241 - Copy.JPG,640,480,14_y,262,76,423,243
resized_IMG_7346.JPG,640,480,15_z,192,111,287,207
resized_IMG_7347.JPG,640,480,15_z,191,111,286,206
resized_IMG_7348.JPG,640,480,15_z,192,108,284,203
resized_IMG_7362.JPG,640,480,15_z,227,104,317,201
resized_IMG_7376.JPG,640,480,15_z,268,105,348,212
resized_IMG_7377.JPG,640,480,15_z,282,106,360,208
resized_IMG_7381.JPG,640,480,15_z,310,118,381,225
resized_IMG_7382.JPG,640,480,15_z,308,117,380,223
resized_IMG_7386.JPG,640,480,15_z,175,85,286,201
resized_IMG_7387.JPG,640,480,15_z,170,77,283,198
resized_IMG_7388.JPG,640,480,15_z,174,74,288,193
resized_IMG_7391.JPG,640,480,15_z,193,71,304,189
resized_IMG_7392.JPG,640,480,15_z,197,72,309,192
resized_IMG_7401.JPG,640,480,15_z,262,83,376,213
resized_IMG_7403.JPG,640,480,15_z,260,104,382,236
resized_IMG_7407.JPG,640,480,15_z,279,112,405,263
resized_IMG_7408.JPG,640,480,15_z,284,113,414,275
resized_IMG_7412.JPG,640,480,15_z,321,118,461,302
resized_IMG_7414.JPG,640,480,08_8,274,84,380,194
resized_IMG_7415.JPG,640,480,08_8,272,83,379,195
resized_IMG_7424.JPG,640,480,08_8,254,56,360,167
resized_IMG_7429.JPG,640,480,08_8,253,57,361,172
resized_IMG_7430.JPG,640,480,08_8,251,56,359,172
resized_IMG_7431.JPG,640,480,08_8,250,56,359,174
resized_IMG_7434.JPG,640,480,08_8,231,55,343,181
resized_IMG_7439.JPG,640,480,08_8,212,71,325,206
resized_IMG_7440.JPG,640,480,08_8,204,72,319,207
resized_IMG_7441.JPG,640,480,08_8,212,72,325,209
resized_IMG_7449.JPG,640,480,08_8,264,71,380,235
resized_IMG_7450.JPG,640,480,08_8,244,71,358,233
resized_IMG_7460.JPG,640,480,08_8,213,137,317,242
resized_IMG_7461.JPG,640,480,08_8,217,139,321,243
resized_IMG_7462.JPG,640,480,08_8,218,142,323,247
resized_IMG_7471.JPG,640,480,08_8,248,146,357,259
resized_IMG_7484.JPG,640,480,08_8,301,82,415,226
resized_IMG_7486.JPG,640,480,05_go,232,101,328,199
resized_IMG_7487.JPG,640,480,05_go,232,102,328,200
resized_IMG_7507.JPG,640,480,05_go,290,78,389,197
resized_IMG_7512.JPG,640,480,05_go,325,51,416,185
resized_IMG_7517.JPG,640,480,05_go,241,25,365,155
resized_IMG_7518.JPG,640,480,05_go,239,25,363,157
resized_IMG_7519.JPG,640,480,05_go,238,25,362,155
resized_IMG_7531.JPG,640,480,05_go,331,14,467,166
resized_IMG_7532.JPG,640,480,05_go,333,10,464,166
resized_IMG_7551.JPG,640,480,05_go,263,29,458,221
resized_IMG_7552.JPG,640,480,05_go,226,43,422,229
resized_IMG_7555.JPG,640,480,05_go,149,65,340,249
resized_IMG_7562.JPG,640,480,05_go,266,59,396,199
resized_IMG_7563.JPG,640,480,05_go,280,32,413,181
resized_IMG_7567.JPG,640,480,05_go,244,1,371,136
resized_IMG_7583.JPG,640,480,07_7,218,53,367,205
resized_IMG_7584.JPG,640,480,07_7,220,44,374,198
resized_IMG_7588.JPG,640,480,07_7,242,27,383,177
resized_IMG_7589.JPG,640,480,07_7,223,19,365,165
resized_IMG_7608.JPG,640,480,07_7,239,83,342,217
resized_IMG_7609.JPG,640,480,07_7,239,93,343,227
resized_IMG_7613.JPG,640,480,07_7,278,157,388,298
resized_IMG_7614.JPG,640,480,07_7,284,164,397,300
resized_IMG_7622.JPG,640,480,07_7,293,10,394,119
resized_IMG_7623.JPG,640,480,07_7,300,10,406,119
resized_IMG_7624.JPG,640,480,07_7,298,6,406,119
resized_IMG_7658.JPG,640,480,09_9,300,60,403,171
resized_IMG_7663.JPG,640,480,09_9,219,78,323,183
resized_IMG_7672.JPG,640,480,09_9,257,108,365,216
resized_IMG_7708.JPG,640,480,09_9,239,15,374,164
resized_IMG_7709.JPG,640,480,09_9,238,13,374,162
resized_IMG_7719.JPG,640,480,09_9,220,1,358,147
resized_IMG_7721.JPG,640,480,09_9,229,1,364,151
resized_IMG_7722.JPG,640,480,09_9,243,1,375,156
resized_IMG_7724.JPG,640,480,09_9,264,11,391,171
resized_IMG_7726.JPG,640,480,09_9,251,6,375,168
resized_IMG_7727.JPG,640,480,09_9,232,3,357,163
resized_IMG_7737.JPG,640,480,02_down,190,38,311,171
resized_IMG_7738.JPG,640,480,02_down,184,33,308,169
resized_IMG_7743.JPG,640,480,02_down,201,14,332,150
resized_IMG_7744.JPG,640,480,02_down,203,17,333,152
resized_IMG_7748.JPG,640,480,02_down,254,27,387,163
resized_IMG_7749.JPG,640,480,02_down,264,25,397,163
resized_IMG_7752.JPG,640,480,02_down,264,33,390,167
resized_IMG_7773.JPG,640,480,02_down,291,39,408,191
resized_IMG_7774.JPG,640,480,02_down,290,38,402,189
resized_IMG_7780.JPG,640,480,02_down,207,12,304,132
resized_IMG_7785.JPG,640,480,02_down,181,28,280,139
resized_IMG_7790.JPG,640,480,02_down,232,41,333,154
resized_IMG_7819.JPG,640,480,02_down,280,79,374,183
resized_IMG_7823.JPG,640,480,02_down,290,69,389,175
resized_IMG_7827.JPG,640,480,02_down,257,61,373,181
resized_IMG_7828.JPG,640,480,02_down,251,60,370,185
resized_IMG_7843.JPG,640,480,01_up,198,62,327,194
resized_IMG_7844.JPG,640,480,01_up,198,54,331,190
resized_IMG_7845.JPG,640,480,01_up,199,48,334,189
resized_IMG_7849.JPG,640,480,01_up,208,29,352,172
resized_IMG_7865.JPG,640,480,01_up,276,5,458,203
resized_IMG_7866.JPG,640,480,01_up,262,7,454,213
resized_IMG_7868.JPG,640,480,01_up,241,13,457,245
resized_IMG_7870.JPG,640,480,01_up,217,37,436,267
resized_IMG_7871.JPG,640,480,01_up,219,71,425,281
resized_IMG_7883.JPG,640,480,01_up,231,88,333,192
resized_IMG_7884.JPG,640,480,01_up,234,85,332,185
resized_IMG_7885.JPG,640,480,01_up,239,81,335,182
resized_IMG_7887.JPG,640,480,01_up,251,63,346,162
resized_IMG_7898.JPG,640,480,01_up,277,23,412,167
resized_IMG_7899.JPG,640,480,01_up,289,28,424,165
resized_IMG_7905.JPG,640,480,01_up,337,80,477,221
