image_id,filename,width,height,class,xmin,ymin,xmax,ymax,area
1,0.1.2_img0.jpg,640,480,0,347,242,464,402,18720
10,0.1.3_img3.jpg,640,480,0,351,277,429,404,9906
100,20200828_091602.jpg,640,480,3,218,157,400,335,32396
1000,photo_2020-09-29_15-28-20.jpg,956,1276,9,299,459,446,674,31605
1001,photo_2020-09-29_15-28-21 (2).jpg,956,1276,9,162,417,307,652,34075
1002,photo_2020-09-29_15-28-21.jpg,956,1276,9,228,459,359,676,28427
1003,photo_2020-09-29_15-28-22.jpg,956,1276,9,156,408,291,626,29430
1004,photo_2020-09-29_15-28-23.jpg,956,1276,9,348,540,487,735,27105
1005,photo_2020-09-29_15-28-24 (2).jpg,956,1276,9,319,542,491,746,35088
1006,photo_2020-09-29_15-28-24.jpg,956,1276,9,343,538,480,764,30962
1007,photo_2020-09-29_15-28-25.jpg,956,1276,9,543,583,686,771,26884
1008,photo_2020-09-29_15-28-26.jpg,956,1276,9,516,517,642,729,26712
1009,photo_2020-09-29_15-28-27.jpg,956,1276,9,519,524,660,698,24534
101,20200828_091619.jpg,640,480,3,246,133,380,278,19430
1010,photo_2020-09-29_15-28-28.jpg,956,1276,9,558,548,676,732,21712
1011,photo_2020-09-29_15-28-29.jpg,956,1276,9,542,629,678,775,19856
1012,photo_2020-09-29_15-28-30.jpg,956,1276,9,615,528,734,680,18088
1013,photo_2020-09-29_15-28-31.jpg,956,1276,9,692,784,819,957,21971
1014,photo_2020-09-29_15-28-32.jpg,956,1276,9,730,786,850,955,20280
1015,photo_2020-09-29_15-28-33.jpg,956,1276,9,781,785,891,933,16280
1016,photo_2020-09-29_15-28-34.jpg,956,1276,9,801,796,914,963,18871
1017,photo_2020-09-29_15-28-35 (2).jpg,956,1276,9,625,814,750,959,18125
1018,photo_2020-09-29_15-28-35.jpg,956,1276,9,712,806,832,963,18840
1019,photo_2020-09-29_15-28-36.jpg,956,1276,9,184,639,373,890,47439
102,20200828_091710.jpg,640,480,3,236,225,353,349,14508
1020,24.jpeg,1080,720,3,362,219,767,607,157140
1021,32.jpeg,1080,720,3,298,229,697,598,147231
1022,40.jpeg,1080,720,3,335,247,688,584,118961
1023,48.jpeg,1080,720,3,323,259,655,569,102920
1024,resized_IMG_6333.JPG,640,480,2,295,223,476,364,25521
1025,resized_IMG_6334.JPG,640,480,2,290,225,477,370,27115
1026,resized_IMG_6338.JPG,640,480,2,285,216,463,367,26878
1027,resized_IMG_6339.JPG,640,480,2,280,215,456,363,26048
1028,resized_IMG_6356.JPG,640,480,2,241,150,442,338,37788
1029,resized_IMG_6357.JPG,640,480,2,243,147,443,336,37800
103,20200828_091717.jpg,640,480,3,286,244,395,360,12644
1030,resized_IMG_6365.JPG,640,480,2,194,132,430,345,50268
1031,resized_IMG_6366.JPG,640,480,2,191,127,433,347,53240
1032,resized_IMG_6380.JPG,640,480,2,149,111,465,333,70152
1033,resized_IMG_6381.JPG,640,480,2,161,118,481,344,72320
1034,resized_IMG_6387.JPG,640,480,2,226,160,500,378,59732
1035,resized_IMG_6389.JPG,640,480,2,235,161,507,375,58208
1036,resized_IMG_6397.JPG,640,480,2,209,197,431,407,46620
1037,resized_IMG_6400.JPG,640,480,15,269,244,427,362,18644
1038,resized_IMG_6401.JPG,640,480,15,272,241,430,359,18644
1039,resized_IMG_6417.JPG,640,480,15,273,233,428,378,22475
104,20200828_091737.jpg,640,480,0,221,189,354,331,18886
1040,resized_IMG_6418.JPG,640,480,15,263,233,417,377,22176
1041,resized_IMG_6427.JPG,640,480,15,223,147,382,298,24009
1042,resized_IMG_6428.JPG,640,480,15,216,144,379,300,25428
1043,resized_IMG_6442.JPG,640,480,15,197,112,406,307,40755
1044,resized_IMG_6443.JPG,640,480,15,204,127,413,317,39710
1045,resized_IMG_6450.JPG,640,480,15,165,137,388,319,40586
1046,resized_IMG_6456.JPG,640,480,15,190,172,414,333,36064
1047,resized_IMG_6457.JPG,640,480,15,196,176,431,338,38070
1048,resized_IMG_6458.JPG,640,480,15,214,170,449,329,37365
1049,resized_IMG_6459.JPG,640,480,8,290,217,465,359,24850
105,20200828_091748.jpg,640,480,0,223,209,359,342,18088
1050,resized_IMG_6460.JPG,640,480,8,296,199,482,354,28830
1051,resized_IMG_6469.JPG,640,480,8,308,173,533,376,45675
1052,resized_IMG_6470.JPG,640,480,8,315,183,532,382,43183
1053,resized_IMG_6477.JPG,640,480,8,295,211,463,365,25872
1054,resized_IMG_6478.JPG,640,480,8,291,198,452,345,23667
1055,resized_IMG_6487.JPG,640,480,8,245,181,427,357,32032
1056,resized_IMG_6488.JPG,640,480,8,240,181,425,356,32375
1057,resized_IMG_6502.JPG,640,480,8,256,80,530,331,68774
1058,resized_IMG_6503.JPG,640,480,8,257,79,530,324,66885
1059,resized_IMG_6516.JPG,640,480,8,309,243,508,438,38805
106,20200828_091802.jpg,640,480,0,262,184,398,330,19856
1060,resized_IMG_6517.JPG,640,480,8,309,247,507,437,37620
1061,resized_IMG_6638.JPG,640,480,5,286,204,467,348,26064
1062,resized_IMG_6639.JPG,640,480,5,295,221,482,365,26928
1063,resized_IMG_6648.JPG,640,480,5,300,232,522,416,40848
1064,resized_IMG_6649.JPG,640,480,5,290,231,515,421,42750
1065,resized_IMG_6657.JPG,640,480,5,239,286,499,479,50180
1066,resized_IMG_6658.JPG,640,480,5,242,274,509,480,55002
1067,resized_IMG_6663.JPG,640,480,5,262,196,535,413,59241
1068,resized_IMG_6664.JPG,640,480,5,267,187,539,399,57664
1069,resized_IMG_6670.JPG,640,480,5,301,150,601,358,62400
107,20200828_091804.jpg,640,480,0,257,184,399,332,21016
1070,resized_IMG_6675.JPG,640,480,5,137,156,461,368,68688
1071,resized_IMG_6678.JPG,640,480,5,237,146,530,319,50689
1072,resized_IMG_6681.JPG,640,480,5,320,156,617,349,57321
1073,resized_IMG_6792.JPG,640,480,7,261,205,490,385,41220
1074,resized_IMG_6793.JPG,640,480,7,271,206,497,387,40906
1075,resized_IMG_6795.JPG,640,480,7,287,195,512,372,39825
1076,resized_IMG_6802.JPG,640,480,7,269,186,530,409,58203
1077,resized_IMG_6803.JPG,640,480,7,259,184,527,416,62176
1078,resized_IMG_6804.JPG,640,480,7,261,180,531,415,63450
1079,resized_IMG_6805.JPG,640,480,7,260,178,529,417,64291
108,20200828_091813.jpg,640,480,0,205,125,339,256,17554
1080,resized_IMG_6806.JPG,640,480,7,257,177,522,417,63600
1081,resized_IMG_6821.JPG,640,480,7,178,89,450,346,69904
1082,resized_IMG_6828.JPG,640,480,7,136,103,473,348,82565
1083,resized_IMG_6829.JPG,640,480,7,127,98,466,332,79326
1084,resized_IMG_6868.JPG,640,480,7,272,143,496,339,43904
1085,resized_IMG_6870.JPG,640,480,7,267,126,508,343,52297
1086,resized_IMG_6871.JPG,640,480,7,262,119,514,343,56448
1087,resized_IMG_6875.JPG,640,480,7,218,56,575,360,108528
1088,resized_IMG_6882.JPG,640,480,1,234,160,509,349,51975
1089,resized_IMG_6883.JPG,640,480,1,228,165,506,362,54766
109,20200828_091826.jpg,640,480,0,207,134,328,253,14399
1090,resized_IMG_6884.JPG,640,480,1,225,169,496,373,55284
1091,resized_IMG_6886.JPG,640,480,1,204,144,473,361,58373
1092,resized_IMG_6891.JPG,640,480,1,218,91,495,343,69804
1093,resized_IMG_6900.JPG,640,480,1,225,115,562,370,85935
1094,resized_IMG_6901.JPG,640,480,1,212,108,557,362,87630
1095,resized_IMG_6915.JPG,640,480,1,257,196,479,328,29304
1096,resized_IMG_6927.JPG,640,480,1,254,182,523,373,51379
1097,resized_IMG_6928.JPG,640,480,1,253,185,514,374,49329
1098,resized_IMG_6935.JPG,640,480,1,223,175,467,394,53436
1099,resized_IMG_6938.JPG,640,480,1,206,140,477,370,62330
11,0.1.3_img4.jpg,640,480,0,260,307,331,416,7739
110,20200828_091840.jpg,640,480,0,205,150,324,274,14756
1100,resized_IMG_6939.JPG,640,480,1,198,133,474,359,62376
1101,resized_IMG_7072.JPG,640,480,14,315,246,551,368,28792
1102,resized_IMG_7073.JPG,640,480,14,311,246,558,379,32851
1103,resized_IMG_7080.JPG,640,480,14,290,234,569,390,43524
1104,resized_IMG_7088.JPG,640,480,14,245,290,529,479,53676
1105,resized_IMG_7089.JPG,640,480,14,239,285,505,480,51870
1106,resized_IMG_7106.JPG,640,480,14,218,183,409,363,34380
1107,resized_IMG_7107.JPG,640,480,14,215,189,412,372,36051
1108,resized_IMG_7114.JPG,640,480,14,153,142,433,335,54040
1109,resized_IMG_7115.JPG,640,480,14,137,141,428,337,57036
111,20200828_091856.jpg,640,480,0,228,199,374,341,20732
1110,resized_IMG_7120.JPG,640,480,14,293,172,478,344,31820
1111,resized_IMG_7121.JPG,640,480,14,295,167,479,332,30360
1112,resized_IMG_7122.JPG,640,480,14,298,168,485,329,30107
1113,resized_IMG_7129.JPG,640,480,14,303,151,499,329,34888
1114,resized_IMG_7140.JPG,640,480,14,244,90,347,201,11433
1115,resized_IMG_7141.JPG,640,480,14,242,83,345,192,11227
1116,resized_IMG_7174 - Copy.JPG,640,480,14,245,107,366,237,15730
1117,resized_IMG_7174.JPG,640,480,14,245,106,366,243,16577
1118,resized_IMG_7175.JPG,640,480,14,223,107,352,247,18060
1119,resized_IMG_7194 - Copy.JPG,640,480,14,164,140,301,268,17536
112,20200828_091907.jpg,640,480,0,239,179,354,294,13225
1120,resized_IMG_7195 - Copy.JPG,640,480,14,172,146,308,267,16456
1121,resized_IMG_7196 - Copy.JPG,640,480,14,182,153,314,277,16368
1122,resized_IMG_7199 - Copy.JPG,640,480,14,326,117,405,199,6478
1123,resized_IMG_7200 - Copy.JPG,640,480,14,322,117,401,195,6162
1124,resized_IMG_7201 - Copy.JPG,640,480,14,315,116,397,198,6724
1125,resized_IMG_7204 - Copy.JPG,640,480,14,322,115,411,202,7743
1126,resized_IMG_7205 - Copy.JPG,640,480,14,333,117,425,205,8096
1127,resized_IMG_7206 - Copy.JPG,640,480,14,353,113,450,204,8827
1128,resized_IMG_7214 - Copy.JPG,640,480,14,278,100,382,202,10608
1129,resized_IMG_7215 - Copy.JPG,640,480,14,278,90,385,197,11449
113,20200828_091959.jpg,640,480,0,184,94,335,244,22650
1130,resized_IMG_7216 - Copy.JPG,640,480,14,285,80,395,193,12430
1131,resized_IMG_7219 - Copy.JPG,640,480,14,294,23,421,154,16637
1132,resized_IMG_7220 - Copy.JPG,640,480,14,287,15,418,151,17816
1133,resized_IMG_7221 - Copy.JPG,640,480,14,281,19,412,156,17947
1134,resized_IMG_7229 - Copy.JPG,640,480,14,180,77,325,239,23490
1135,resized_IMG_7230 - Copy.JPG,640,480,14,179,76,325,237,23506
1136,resized_IMG_7231 - Copy.JPG,640,480,14,174,75,325,243,25368
1137,resized_IMG_7239 - Copy.JPG,640,480,14,238,83,398,248,26400
1138,resized_IMG_7240 - Copy.JPG,640,480,14,257,80,418,248,27048
1139,resized_IMG_7241 - Copy.JPG,640,480,14,262,76,423,243,26887
114,20200828_092001.jpg,640,480,0,217,81,362,232,21895
1140,resized_IMG_7346.JPG,640,480,15,192,111,287,207,9120
1141,resized_IMG_7347.JPG,640,480,15,191,111,286,206,9025
1142,resized_IMG_7348.JPG,640,480,15,192,108,284,203,8740
1143,resized_IMG_7362.JPG,640,480,15,227,104,317,201,8730
1144,resized_IMG_7376.JPG,640,480,15,268,105,348,212,8560
1145,resized_IMG_7377.JPG,640,480,15,282,106,360,208,7956
1146,resized_IMG_7381.JPG,640,480,15,310,118,381,225,7597
1147,resized_IMG_7382.JPG,640,480,15,308,117,380,223,7632
1148,resized_IMG_7386.JPG,640,480,15,175,85,286,201,12876
1149,resized_IMG_7387.JPG,640,480,15,170,77,283,198,13673
115,20200828_092012.jpg,640,480,0,118,131,257,269,19182
1150,resized_IMG_7388.JPG,640,480,15,174,74,288,193,13566
1151,resized_IMG_7391.JPG,640,480,15,193,71,304,189,13098
1152,resized_IMG_7392.JPG,640,480,15,197,72,309,192,13440
1153,resized_IMG_7401.JPG,640,480,15,262,83,376,213,14820
1154,resized_IMG_7403.JPG,640,480,15,260,104,382,236,16104
1155,resized_IMG_7407.JPG,640,480,15,279,112,405,263,19026
1156,resized_IMG_7408.JPG,640,480,15,284,113,414,275,21060
1157,resized_IMG_7412.JPG,640,480,15,321,118,461,302,25760
1158,resized_IMG_7414.JPG,640,480,8,274,84,380,194,11660
1159,resized_IMG_7415.JPG,640,480,8,272,83,379,195,11984
116,20200828_092014.jpg,640,480,0,214,128,347,260,17556
1160,resized_IMG_7424.JPG,640,480,8,254,56,360,167,11766
1161,resized_IMG_7429.JPG,640,480,8,253,57,361,172,12420
1162,resized_IMG_7430.JPG,640,480,8,251,56,359,172,12528
1163,resized_IMG_7431.JPG,640,480,8,250,56,359,174,12862
1164,resized_IMG_7434.JPG,640,480,8,231,55,343,181,14112
1165,resized_IMG_7439.JPG,640,480,8,212,71,325,206,15255
1166,resized_IMG_7440.JPG,640,480,8,204,72,319,207,15525
1167,resized_IMG_7441.JPG,640,480,8,212,72,325,209,15481
1168,resized_IMG_7449.JPG,640,480,8,264,71,380,235,19024
1169,resized_IMG_7450.JPG,640,480,8,244,71,358,233,18468
117,20200828_092028.jpg,640,480,0,258,136,369,247,12321
1170,resized_IMG_7460.JPG,640,480,8,213,137,317,242,10920
1171,resized_IMG_7461.JPG,640,480,8,217,139,321,243,10816
1172,resized_IMG_7462.JPG,640,480,8,218,142,323,247,11025
1173,resized_IMG_7471.JPG,640,480,8,248,146,357,259,12317
1174,resized_IMG_7484.JPG,640,480,8,301,82,415,226,16416
1175,resized_IMG_7486.JPG,640,480,5,232,101,328,199,9408
1176,resized_IMG_7487.JPG,640,480,5,232,102,328,200,9408
1177,resized_IMG_7507.JPG,640,480,5,290,78,389,197,11781
1178,resized_IMG_7512.JPG,640,480,5,325,51,416,185,12194
1179,resized_IMG_7517.JPG,640,480,5,241,25,365,155,16120
118,20200828_092107.jpg,640,480,13,248,190,388,323,18620
1180,resized_IMG_7518.JPG,640,480,5,239,25,363,157,16368
1181,resized_IMG_7519.JPG,640,480,5,238,25,362,155,16120
1182,resized_IMG_7531.JPG,640,480,5,331,14,467,166,20672
1183,resized_IMG_7532.JPG,640,480,5,333,10,464,166,20436
1184,resized_IMG_7551.JPG,640,480,5,263,29,458,221,37440
1185,resized_IMG_7552.JPG,640,480,5,226,43,422,229,36456
1186,resized_IMG_7555.JPG,640,480,5,149,65,340,249,35144
1187,resized_IMG_7562.JPG,640,480,5,266,59,396,199,18200
1188,resized_IMG_7563.JPG,640,480,5,280,32,413,181,19817
1189,resized_IMG_7567.JPG,640,480,5,244,1,371,136,17145
119,20200828_092117.jpg,640,480,13,243,161,376,283,16226
1190,resized_IMG_7583.JPG,640,480,7,218,53,367,205,22648
1191,resized_IMG_7584.JPG,640,480,7,220,44,374,198,23716
1192,resized_IMG_7588.JPG,640,480,7,242,27,383,177,21150
1193,resized_IMG_7589.JPG,640,480,7,223,19,365,165,20732
1194,resized_IMG_7608.JPG,640,480,7,239,83,342,217,13802
1195,resized_IMG_7609.JPG,640,480,7,239,93,343,227,13936
1196,resized_IMG_7613.JPG,640,480,7,278,157,388,298,15510
1197,resized_IMG_7614.JPG,640,480,7,284,164,397,300,15368
1198,resized_IMG_7622.JPG,640,480,7,293,10,394,119,11009
1199,resized_IMG_7623.JPG,640,480,7,300,10,406,119,11554
12,0.1.3_img5.jpg,640,480,0,304,308,379,417,8175
120,20200828_092128.jpg,640,480,13,228,132,356,259,16256
1200,resized_IMG_7624.JPG,640,480,7,298,6,406,119,12204
1201,resized_IMG_7658.JPG,640,480,9,300,60,403,171,11433
1202,resized_IMG_7662.JPG,640,480,9,215,75,320,182,11235
1203,resized_IMG_7663.JPG,640,480,9,219,78,323,183,10920
1204,resized_IMG_7666.JPG,640,480,9,232,100,336,206,11024
1205,resized_IMG_7672.JPG,640,480,9,257,108,365,216,11664
1206,resized_IMG_7704.JPG,640,480,9,251,13,381,153,18200
1207,resized_IMG_7706.JPG,640,480,9,241,15,378,164,20413
1208,resized_IMG_7708.JPG,640,480,9,239,15,374,164,20115
1209,resized_IMG_7709.JPG,640,480,9,238,13,374,162,20264
121,20200828_092139.jpg,640,480,13,239,128,363,248,14880
1210,resized_IMG_7719.JPG,640,480,9,220,1,358,147,20148
1211,resized_IMG_7721.JPG,640,480,9,229,1,364,151,20250
1212,resized_IMG_7722.JPG,640,480,9,243,1,375,156,20460
1213,resized_IMG_7724.JPG,640,480,9,264,11,391,171,20320
1214,resized_IMG_7726.JPG,640,480,9,251,6,375,168,20088
1215,resized_IMG_7727.JPG,640,480,9,232,3,357,163,20000
1216,resized_IMG_7737.JPG,640,480,2,190,38,311,171,16093
1217,resized_IMG_7738.JPG,640,480,2,184,33,308,169,16864
1218,resized_IMG_7743.JPG,640,480,2,201,14,332,150,17816
1219,resized_IMG_7744.JPG,640,480,2,203,17,333,152,17550
122,20200828_092151.jpg,640,480,13,239,161,351,276,12880
1220,resized_IMG_7748.JPG,640,480,2,254,27,387,163,18088
1221,resized_IMG_7749.JPG,640,480,2,264,25,397,163,18354
1222,resized_IMG_7752.JPG,640,480,2,264,33,390,167,16884
1223,resized_IMG_7773.JPG,640,480,2,291,39,408,191,17784
1224,resized_IMG_7774.JPG,640,480,2,290,38,402,189,16912
1225,resized_IMG_7780.JPG,640,480,2,207,12,304,132,11640
1226,resized_IMG_7785.JPG,640,480,2,181,28,280,139,10989
1227,resized_IMG_7790.JPG,640,480,2,232,41,333,154,11413
1228,resized_IMG_7819.JPG,640,480,2,280,79,374,183,9776
1229,resized_IMG_7823.JPG,640,480,2,290,69,389,175,10494
123,20200828_092206.jpg,640,480,13,228,150,357,271,15609
1230,resized_IMG_7827.JPG,640,480,2,257,61,373,181,13920
1231,resized_IMG_7828.JPG,640,480,2,251,60,370,185,14875
1232,resized_IMG_7843.JPG,640,480,1,198,62,327,194,17028
1233,resized_IMG_7844.JPG,640,480,1,198,54,331,190,18088
1234,resized_IMG_7845.JPG,640,480,1,199,48,334,189,19035
1235,resized_IMG_7849.JPG,640,480,1,208,29,352,172,20592
1236,resized_IMG_7865.JPG,640,480,1,276,5,458,203,36036
1237,resized_IMG_7866.JPG,640,480,1,262,7,454,213,39552
1238,resized_IMG_7868.JPG,640,480,1,241,13,457,245,50112
1239,resized_IMG_7870.JPG,640,480,1,217,37,436,267,50370
124,20200828_092232.jpg,640,480,13,277,221,431,381,24640
1240,resized_IMG_7871.JPG,640,480,1,219,71,425,281,43260
1241,resized_IMG_7883.JPG,640,480,1,231,88,333,192,10608
1242,resized_IMG_7884.JPG,640,480,1,234,85,332,185,9800
1243,resized_IMG_7885.JPG,640,480,1,239,81,335,182,9696
1244,resized_IMG_7887.JPG,640,480,1,251,63,346,162,9405
1245,resized_IMG_7898.JPG,640,480,1,277,23,412,167,19440
1246,resized_IMG_7899.JPG,640,480,1,289,28,424,165,18495
1247,resized_IMG_7905.JPG,640,480,1,337,80,477,221,19740
1248,right1.2_img0.jpg,640,480,3,234,242,406,411,29068
1249,right1.2_img1.jpg,640,480,3,333,276,486,429,23409
125,20200828_092239.jpg,640,480,13,318,275,406,362,7656
1250,right1.2_img2.jpg,640,480,3,270,265,424,429,25256
1251,right1.2_img3.jpg,640,480,3,310,297,419,401,11336
1252,right1.2_img4.jpg,640,480,3,359,311,458,426,11385
1253,right1.2_img5.jpg,640,480,3,385,312,487,427,11730
1254,right1.3_img0.jpg,640,480,3,281,238,460,417,32041
1255,right1.3_img1.jpg,640,480,3,365,270,518,425,23715
1256,right1.3_img2.jpg,640,480,3,123,268,269,419,22046
1257,right1.3_img3.jpg,640,480,3,300,294,407,406,11984
1258,right1.3_img4.jpg,640,480,3,268,316,371,418,10506
1259,right1.3_img5.jpg,640,480,3,214,319,319,413,9870
126,20200828_092320.jpg,640,480,13,231,104,373,242,19596
1260,right1.4_img0.jpg,640,480,3,324,242,491,416,29058
1261,right1.4_img1.jpg,640,480,3,353,273,492,437,22796
1262,right1.4_img2.jpg,640,480,3,165,258,318,427,25857
1263,right1.4_img3.jpg,640,480,3,284,297,388,406,11336
1264,right1.4_img4.jpg,640,480,3,243,320,341,421,9898
1265,right1.4_img5.jpg,640,480,3,196,312,307,415,11433
1266,right1_img0.jpg,640,480,3,229,248,400,412,28044
1267,right1_img1.jpg,640,480,3,251,266,421,425,27030
1268,right1_img2.jpg,640,480,3,201,279,346,417,20010
1269,right1_img3.jpg,640,480,3,260,292,369,399,11663
127,20200828_092425.jpg,640,480,13,201,180,373,346,28552
1270,right1_img4.jpg,640,480,3,282,309,380,413,10192
1271,right1_img5.jpg,640,480,3,268,311,367,409,9702
1272,right2.2_img0.jpg,640,480,3,338,243,525,415,32164
1273,right2.2_img1.jpg,640,480,3,444,261,597,431,26010
1274,right2.2_img2.jpg,640,480,3,353,251,555,438,37774
1275,right2.2_img3.jpg,640,480,3,306,292,418,409,13104
1276,right2.2_img4.jpg,640,480,3,343,321,443,420,9900
1277,right2.2_img5.jpg,640,480,3,403,311,523,433,14640
1278,right2.3_img0.jpg,640,480,3,412,239,614,416,35754
1279,right2.3_img1.jpg,640,480,3,512,267,640,432,21120
128,20200828_092440.jpg,640,480,13,257,141,378,262,14641
1280,right2.3_img2.jpg,640,480,3,164,265,303,415,20850
1281,right2.3_img3.jpg,640,480,3,418,288,534,413,14500
1282,right2.3_img4.jpg,640,480,3,322,321,408,429,9288
1283,right2.3_img5.jpg,640,480,3,250,311,347,424,10961
1284,right2.4_img0.jpg,640,480,3,433,245,604,425,30780
1285,right2.4_img1.jpg,640,480,3,311,284,452,431,20727
1286,right2.4_img2.jpg,640,480,3,111,257,263,432,26600
1287,right2.4_img3.jpg,640,480,3,346,298,447,408,11110
1288,right2.4_img4.jpg,640,480,3,299,328,388,428,8900
1289,right2.4_img5.jpg,640,480,3,252,310,350,415,10290
129,20200828_092443.jpg,640,480,13,270,142,372,244,10404
1290,right2_img0.jpg,640,480,3,412,252,583,410,27018
1291,right2_img1.jpg,640,480,3,304,287,426,419,16104
1292,right2_img2.jpg,640,480,3,184,269,321,420,20687
1293,right2_img3.jpg,640,480,3,379,298,501,402,12688
1294,right2_img4.jpg,640,480,3,300,311,403,417,10918
1295,right2_img5.jpg,640,480,3,250,311,353,413,10506
1296,32.jpeg,1080,720,1,411,215,808,598,152051
1297,40.jpeg,1080,720,1,461,192,893,620,184896
1298,56.jpeg,1080,720,1,335,189,793,632,202894
1299,80.jpeg,1080,720,1,335,190,797,643,209286
13,0.1.4_img0.jpg,640,480,0,344,253,447,394,14523
130,20200828_092455.jpg,640,480,13,215,119,329,239,13680
1300,up1.2_img0.jpg,640,480,1,319,253,471,443,28880
1301,up1.2_img1.jpg,640,480,1,407,271,560,457,28458
1302,up1.2_img2.jpg,640,480,1,258,280,407,443,24287
1303,up1.2_img3.jpg,640,480,1,273,296,384,429,14763
1304,up1.2_img4.jpg,640,480,1,374,321,466,441,11040
1305,up1.2_img5.jpg,640,480,1,294,320,392,438,11564
1306,up1.3_img0.jpg,640,480,1,272,237,452,423,33480
1307,up1.3_img1.jpg,640,480,1,338,275,478,456,25340
1308,up1.3_img2.jpg,640,480,1,195,283,320,440,19625
1309,up1.3_img3.jpg,640,480,1,307,296,420,423,14351
131,20200828_092501.jpg,640,480,13,265,144,371,253,11554
1310,up1.3_img4.jpg,640,480,1,286,321,376,430,9810
1311,up1.3_img5.jpg,640,480,1,233,314,323,433,10710
1312,up1.4_img0.jpg,640,480,1,335,247,486,435,28388
1313,up1.4_img1.jpg,640,480,1,299,278,420,451,20933
1314,up1.4_img2.jpg,640,480,1,78,270,214,446,23936
1315,up1.4_img3.jpg,640,480,1,279,303,382,427,12772
1316,up1.4_img5.jpg,640,480,1,195,316,277,431,9430
1317,up1_img0.jpg,640,480,1,346,253,505,438,29415
1318,up1_img1.jpg,640,480,1,401,272,554,453,27693
1319,up1_img2.jpg,640,480,1,336,295,466,452,20410
132,20200828_092512.jpg,640,480,13,248,187,357,302,12535
1320,up1_img3.jpg,640,480,1,308,299,403,428,12255
1321,up1_img4.jpg,640,480,1,333,319,427,437,11092
1322,up1_img5.jpg,640,480,1,281,324,373,432,9936
1323,up2.2_img0.jpg,640,480,1,465,254,640,437,32025
1324,up2.2_img1.jpg,640,480,1,488,290,640,449,24168
1325,up2.2_img2.jpg,640,480,1,393,248,604,452,43044
1326,up2.2_img3.jpg,640,480,1,406,292,522,417,14500
1327,up2.2_img4.jpg,640,480,1,474,323,566,433,10120
1328,up2.2_img5.jpg,640,480,1,448,317,567,448,15589
1329,up2.3_img0.jpg,640,480,1,451,241,617,423,30212
133,20200828_092544.jpg,640,480,4,245,151,365,268,14040
1330,up2.3_img1.jpg,640,480,1,441,279,588,452,25431
1331,up2.3_img2.jpg,640,480,1,335,270,512,447,31329
1332,up2.3_img3.jpg,640,480,1,391,295,498,422,13589
1333,up2.3_img4.jpg,640,480,1,321,330,402,443,9153
1334,up2.3_img5.jpg,640,480,1,327,311,425,421,10780
1335,up2.4_img0.jpg,640,480,1,369,253,527,431,28124
1336,up2.4_img1.jpg,640,480,1,314,289,439,450,20125
1337,up2.4_img2.jpg,640,480,1,66,255,216,452,29550
1338,up2.4_img3.jpg,640,480,1,432,298,535,413,11845
1339,up2.4_img4.jpg,640,480,1,366,334,454,436,8976
134,20200828_092554.jpg,640,480,4,287,168,423,304,18496
1340,up2.4_img5.jpg,640,480,1,280,309,376,430,11616
1341,up2_img0.jpg,640,480,1,427,254,589,433,28998
1342,up2_img1.jpg,640,480,1,365,292,486,442,18150
1343,up2_img2.jpg,640,480,1,429,265,620,456,36481
1344,up2_img3.jpg,640,480,1,418,304,517,414,10890
1345,up2_img4.jpg,640,480,1,351,332,431,430,7840
1346,up2_img5.jpg,640,480,1,283,310,380,427,11349
1347,48.jpeg,1080,720,11,537,97,987,505,183600
1348,64.jpeg,1080,720,11,491,138,971,573,208800
1349,80.jpeg,1080,720,11,381,150,872,582,212112
135,20200828_092606.jpg,640,480,4,226,181,350,304,15252
1350,88.jpeg,1080,720,11,414,144,937,606,241626
1351,48.jpeg,1080,720,12,323,61,747,452,165784
1352,64.jpeg,1080,720,12,366,154,861,615,228195
1353,80.jpeg,1080,720,12,250,130,758,601,239268
1354,88.jpeg,1080,720,12,283,108,754,549,207711
1355,56.jpeg,1080,720,13,565,356,860,634,82010
1356,80.jpeg,1080,720,13,451,341,770,649,98252
1357,88.jpeg,1080,720,13,451,340,811,672,119520
1358,96.jpeg,1080,720,13,543,236,964,613,158717
1359,64.jpeg,1080,720,14,450,65,845,450,152075
136,20200828_092617.jpg,640,480,4,263,166,355,256,8280
1360,72.jpeg,1080,720,14,448,27,886,484,200166
1361,80.jpeg,1080,720,14,400,8,884,504,240064
1362,88.jpeg,1080,720,14,468,57,898,482,182750
1363,40.jpeg,1080,720,15,426,85,821,454,145755
1364,64.jpeg,1080,720,15,442,105,780,423,107484
1365,72.jpeg,1080,720,15,353,78,731,438,136080
1366,80.jpeg,1080,720,15,348,44,783,462,181830
137,20200828_092629.jpg,640,480,4,248,169,383,301,17820
138,20200828_092651.jpg,640,480,4,275,129,408,262,17689
139,20200828_092711.jpg,640,480,4,299,191,405,302,11766
14,0.1.4_img1.jpg,640,480,0,318,289,415,421,12804
140,20200828_092725.jpg,640,480,4,268,174,364,273,9504
141,20200828_092741.jpg,640,480,4,219,146,310,244,8918
142,20200828_092747.jpg,640,480,4,236,147,353,268,14157
143,20200828_092806.jpg,640,480,4,236,199,355,309,13090
144,20200828_092856.jpg,640,480,4,214,200,368,346,22484
145,20200828_092900.jpg,640,480,4,274,251,375,349,9898
146,20200828_092908.jpg,640,480,4,215,102,366,250,22348
147,20200828_092942.jpg,640,480,4,90,58,213,179,14883
147,20200828_092942.jpg,640,480,6,333,172,453,291,14280
148,20200828_092947.jpg,640,480,13,228,78,359,211,17423
148,20200828_092947.jpg,640,480,4,445,229,560,346,13455
149,20200828_092951.jpg,640,480,11,166,288,298,419,17292
149,20200828_092951.jpg,640,480,0,413,183,563,336,22950
15,0.1.4_img2.jpg,640,480,0,219,273,323,412,14456
150,20200828_092955.jpg,640,480,3,54,62,187,194,17556
150,20200828_092955.jpg,640,480,6,128,349,253,470,15125
150,20200828_092955.jpg,640,480,12,302,50,430,181,16768
151,20200828_093011.jpg,640,480,13,151,304,261,409,11550
151,20200828_093011.jpg,640,480,3,383,307,496,421,12882
151,20200828_093011.jpg,640,480,11,266,86,377,197,12321
152,20200828_093015.jpg,640,480,4,181,287,305,411,15376
152,20200828_093015.jpg,640,480,3,433,91,542,206,12535
152,20200828_093015.jpg,640,480,13,201,90,312,204,12654
153,20200828_093018.jpg,640,480,12,436,69,548,180,12432
153,20200828_093018.jpg,640,480,6,252,324,363,436,12432
153,20200828_093018.jpg,640,480,3,91,251,208,361,12870
154,20200828_093025.jpg,640,480,11,173,49,291,169,14160
154,20200828_093025.jpg,640,480,13,60,281,176,396,13340
154,20200828_093025.jpg,640,480,0,298,302,418,414,13440
155,20200828_093031.jpg,640,480,0,81,84,221,217,18620
155,20200828_093031.jpg,640,480,4,111,301,236,423,15250
155,20200828_093031.jpg,640,480,6,458,239,578,361,14640
156,20200828_093059.jpg,640,480,12,188,121,296,231,11880
156,20200828_093059.jpg,640,480,0,13,227,119,331,11024
156,20200828_093059.jpg,640,480,3,268,331,373,434,10815
157,20200828_105400.jpg,640,480,11,176,116,204,184,1904
158,20200828_105401.jpg,640,480,11,148,111,184,189,2808
159,20200828_105402.jpg,640,480,11,116,106,164,200,4512
16,0.1.4_img3.jpg,640,480,0,312,300,370,393,5394
160,20200828_105404.jpg,640,480,11,78,114,138,220,6360
161,20200828_105408.jpg,640,480,11,228,89,252,165,1824
162,20200828_105409.jpg,640,480,11,212,92,241,175,2407
163,20200828_105410.jpg,640,480,11,168,113,208,224,4440
164,20200828_105411.jpg,640,480,11,114,131,173,260,7611
165,20200828_105419.jpg,640,480,11,135,356,158,425,1587
166,20200828_105421.jpg,640,480,11,114,324,145,408,2604
167,20200828_105422.jpg,640,480,11,78,279,124,387,4968
168,20200828_105446.jpg,640,480,12,108,97,149,204,4387
169,20200828_105448.jpg,640,480,12,96,124,149,235,5883
17,0.1.4_img4.jpg,640,480,0,219,320,283,413,5952
170,20200828_105450.jpg,640,480,12,170,91,208,184,3534
171,20200828_105453.jpg,640,480,12,97,134,156,282,8732
172,20200828_105455.jpg,640,480,12,89,122,146,261,7923
173,20200828_105456.jpg,640,480,12,61,125,124,251,7938
174,20200828_105522(0).jpg,640,480,6,176,99,216,204,4200
175,20200828_105522.jpg,640,480,6,200,84,229,167,2407
176,20200828_105523.jpg,640,480,6,161,128,204,253,5375
177,20200828_105524.jpg,640,480,6,193,132,228,263,4585
178,20200828_105526.jpg,640,480,6,173,132,207,236,3536
179,20200828_105535.jpg,640,480,0,180,47,212,147,3200
18,0.1.4_img5.jpg,640,480,0,238,318,301,418,6300
180,20200828_105536.jpg,640,480,0,146,91,185,207,4524
181,20200828_105537.jpg,640,480,0,131,126,177,248,5612
182,20200828_105538.jpg,640,480,0,173,117,208,221,3640
183,20200828_105540.jpg,640,480,0,200,119,232,224,3360
184,20200828_105541.jpg,640,480,0,124,143,179,280,7535
185,20200828_105551.jpg,640,480,13,141,87,188,192,4935
186,20200828_105552.jpg,640,480,13,174,94,210,188,3384
187,20200828_105553.jpg,640,480,13,158,115,202,221,4664
188,20200828_105554(0).jpg,640,480,13,96,140,165,279,9591
189,20200828_105554.jpg,640,480,13,131,127,188,248,6897
19,0.1_img0.jpg,640,480,0,358,230,491,407,23541
190,20200828_105555.jpg,640,480,13,175,110,210,202,3220
191,20200828_105556.jpg,640,480,13,125,121,176,236,5865
192,20200828_105603.jpg,640,480,4,124,69,168,184,5060
193,20200828_105604.jpg,640,480,4,109,113,163,242,6966
194,20200828_105605.jpg,640,480,4,162,99,201,209,4290
195,20200828_105606.jpg,640,480,4,187,89,217,189,3000
196,20200828_105607.jpg,640,480,4,158,111,205,237,5922
197,20200828_105608.jpg,640,480,4,134,126,194,287,9660
198,20200828_105617.jpg,640,480,3,100,139,151,272,6783
199,20200828_105618.jpg,640,480,3,151,113,186,219,3710
2,0.1.2_img1.jpg,640,480,0,346,255,448,412,16014
20,0.1_img1.jpg,640,480,0,333,265,444,419,17094
200,20200828_105619.jpg,640,480,3,102,134,152,264,6500
201,20200828_105620.jpg,640,480,3,76,148,142,303,10230
202,20200828_105621.jpg,640,480,3,217,129,249,285,4992
203,20200828_105622.jpg,640,480,3,180,137,230,348,10550
204,20200828_105624.jpg,640,480,3,122,148,208,407,22274
205,20200828_105625.jpg,640,480,3,199,117,239,269,6080
206,20200831_162355.jpg,640,480,3,267,154,379,266,12544
207,20200831_162358.jpg,640,480,3,251,149,368,273,14508
208,20200831_162359.jpg,640,480,3,196,139,311,257,13570
209,20200831_162401.jpg,640,480,3,233,135,347,249,12996
21,0.1_img2.jpg,640,480,0,331,262,450,422,19040
210,20200831_162412.jpg,640,480,3,258,101,353,198,9215
211,20200831_162415.jpg,640,480,3,335,97,427,193,8832
212,20200831_162417.jpg,640,480,3,289,91,388,194,10197
213,20200831_162456.jpg,640,480,3,252,109,383,239,17030
214,20200831_162502.jpg,640,480,3,219,107,329,221,12540
215,20200831_162512.jpg,640,480,3,297,104,404,220,12412
216,20200831_162552.jpg,640,480,3,202,132,339,266,18358
217,20200831_162553.jpg,640,480,3,219,131,321,236,10710
218,20200831_162555.jpg,640,480,3,237,97,341,208,11544
219,20200831_162637.jpg,640,480,4,188,138,300,250,12544
22,0.1_img3.jpg,640,480,0,305,291,381,396,7980
220,20200831_162639.jpg,640,480,4,221,135,330,238,11227
221,20200831_162659.jpg,640,480,13,216,116,318,216,10200
222,20200831_162702.jpg,640,480,13,190,109,300,217,11880
223,20200831_162704.jpg,640,480,13,257,119,353,216,9312
224,20200831_162735.jpg,640,480,0,251,137,360,251,12426
225,20200831_162738.jpg,640,480,0,239,145,349,253,11880
226,20200831_162758.jpg,640,480,6,224,116,334,229,12430
227,20200831_162800.jpg,640,480,6,245,111,350,219,11340
228,20200831_162802.jpg,640,480,6,208,135,310,242,10914
229,20200831_162829.jpg,640,480,13,235,153,334,253,9900
23,0.1_img4.jpg,640,480,0,341,310,417,407,7372
230,20200831_162830.jpg,640,480,12,263,147,360,246,9603
231,20200831_162832.jpg,640,480,12,205,149,302,251,9894
232,20200831_162845.jpg,640,480,11,202,121,337,251,17550
233,20200831_162847.jpg,640,480,11,260,169,368,282,12204
234,20200831_162849.jpg,640,480,11,218,150,330,261,12432
235,20200831_162917.jpg,640,480,11,255,212,402,355,21021
236,20200831_162919.jpg,640,480,11,237,215,392,371,24180
237,20200831_163006.jpg,640,480,11,279,135,391,245,12320
238,20200831_163008.jpg,640,480,11,292,106,401,216,11990
239,20200831_163012.jpg,640,480,11,272,145,403,274,16899
240,20200831_163037.jpg,640,480,0,245,140,380,272,17820
241,20200831_163039.jpg,640,480,0,258,115,403,259,20880
242,20200831_163042.jpg,640,480,0,237,118,358,248,15730
243,20200831_163045.jpg,640,480,0,270,131,375,230,10395
244,20200831_163107.jpg,640,480,6,248,92,364,214,14152
245,20200831_163110.jpg,640,480,6,235,96,353,217,14278
246,20200831_163113.jpg,640,480,6,275,110,373,211,9898
247,20200831_163131.jpg,640,480,12,238,125,380,261,19312
248,20200831_163133.jpg,640,480,12,220,113,351,248,17685
249,20200831_163134.jpg,640,480,12,256,119,355,217,9702
25,0.2.2_img0.jpg,640,480,0,445,243,578,407,21812
250,20200831_163137.jpg,640,480,12,225,122,359,257,18090
251,20200831_163159.jpg,640,480,13,276,124,426,276,22800
252,20200831_163307.jpg,640,480,3,255,129,390,267,18630
253,20200831_163309.jpg,640,480,3,210,104,347,244,19180
254,20200831_163312.jpg,640,480,3,283,112,385,214,10404
255,20200831_163327.jpg,640,480,4,227,138,362,275,18495
256,20200831_163329.jpg,640,480,4,225,105,348,236,16113
257,20200831_163331.jpg,640,480,4,303,89,431,222,17024
258,20200831_163333.jpg,640,480,4,275,119,387,233,12768
259,20200831_163400.jpg,640,480,4,231,90,349,210,14160
26,0.2.2_img1.jpg,640,480,0,461,266,564,410,14832
260,20200831_163404.jpg,640,480,4,238,105,345,210,11235
261,20200831_163408.jpg,640,480,4,250,113,376,249,17136
262,20200831_163414.jpg,640,480,4,245,126,341,225,9504
263,20200831_163531.jpg,640,480,13,236,116,375,252,18904
264,20200831_163533.jpg,640,480,13,267,104,372,214,11550
265,20200831_163535.jpg,640,480,13,246,95,354,206,11988
266,20200831_163537.jpg,640,480,13,261,103,374,221,13334
267,20200831_163602.jpg,640,480,12,198,97,343,241,20880
268,20200831_163604.jpg,640,480,12,220,119,339,241,14518
269,20200831_163606.jpg,640,480,12,227,123,355,257,17152
27,0.2.2_img2.jpg,640,480,0,448,254,577,413,20511
270,20200831_163608.jpg,640,480,12,268,113,373,222,11445
271,20200831_163639.jpg,640,480,6,218,80,337,200,14280
272,20200831_163640.jpg,640,480,6,222,94,323,200,10706
273,20200831_163643.jpg,640,480,6,207,85,346,226,19599
274,20200831_163645.jpg,640,480,6,270,131,370,234,10300
275,20200831_163742.jpg,640,480,6,280,79,404,207,15872
276,20200831_163744.jpg,640,480,0,230,91,353,221,15990
277,20200831_163814.jpg,640,480,11,268,128,401,267,18487
278,20200831_163819.jpg,640,480,11,201,112,348,259,21609
279,20200831_163932.jpg,640,480,3,267,81,414,231,22050
28,0.2.2_img3.jpg,640,480,0,328,289,419,395,9646
280,20200831_163935.jpg,640,480,3,256,73,396,221,20720
281,20200831_163958.jpg,640,480,6,275,54,428,205,23103
282,20200831_164000.jpg,640,480,6,259,60,400,207,20727
283,20200831_164002.jpg,640,480,6,243,42,389,195,22338
284,20200831_164023.jpg,640,480,12,226,127,356,252,16250
285,20200831_164025.jpg,640,480,12,225,113,356,245,17292
286,20200831_164026.jpg,640,480,12,230,94,365,234,18900
287,20200831_164042.jpg,640,480,13,242,110,379,246,18632
288,20200831_164043.jpg,640,480,13,246,94,389,241,21021
289,24.jpeg,1080,720,0,528,152,948,532,159600
29,0.2.2_img4.jpg,640,480,0,376,318,448,415,6984
290,32.jpeg,1080,720,0,565,91,1021,489,181488
291,40.jpeg,1080,720,6,535,121,1057,651,276660
292,48.jpeg,1080,720,6,660,96,1080,642,229320
293,56.jpeg,1080,720,6,467,142,985,688,282828
294,6.1.2_img0.jpg,640,480,6,240,238,350,402,18040
295,6.1.2_img1.jpg,640,480,6,309,264,407,420,15288
296,6.1.2_img2.jpg,640,480,6,307,269,399,416,13524
297,6.1.2_img3.jpg,640,480,6,294,289,374,402,9040
298,6.1.2_img4.jpg,640,480,6,353,310,432,420,8690
299,6.1.2_img5.jpg,640,480,6,495,298,570,415,8775
3,0.1.2_img2.jpg,640,480,0,459,250,587,419,21632
30,0.2.2_img5.jpg,640,480,0,446,298,523,412,8778
300,6.1.3_img0.jpg,640,480,6,305,229,434,401,22188
301,6.1.3_img1.jpg,640,480,6,398,257,514,419,18792
302,6.1.3_img2.jpg,640,480,6,200,255,310,420,18150
303,6.1.3_img3.jpg,640,480,6,330,284,422,403,10948
304,6.1.3_img4.jpg,640,480,6,244,303,318,422,8806
305,6.1.3_img5.jpg,640,480,6,197,305,264,411,7102
306,6.1.4_img0.jpg,640,480,6,226,246,337,407,17871
307,6.1.4_img1.jpg,640,480,6,238,275,337,424,14751
308,6.1.4_img2.jpg,640,480,6,119,268,206,418,13050
309,6.1.4_img3.jpg,640,480,6,263,300,340,407,8239
31,0.2.3_img0.jpg,640,480,0,478,219,624,404,27010
310,6.1.4_img4.jpg,640,480,6,227,319,291,422,6592
311,6.1.4_img5.jpg,640,480,6,193,311,258,416,6825
312,6.1_img0.jpg,640,480,6,265,241,377,415,19488
313,6.1_img1.jpg,640,480,6,285,268,390,424,16380
314,6.1_img2.jpg,640,480,6,234,279,318,427,12432
315,6.1_img3.jpg,640,480,6,295,297,350,401,5720
316,6.1_img4.jpg,640,480,6,339,317,407,405,5984
317,6.1_img5.jpg,640,480,6,254,318,319,412,6110
318,6.2.2_img0.jpg,640,480,6,440,246,577,414,23016
319,6.2.2_img1.jpg,640,480,6,448,273,554,416,15158
320,6.2.2_img2.jpg,640,480,6,339,267,454,421,17710
321,6.2.2_img3.jpg,640,480,6,344,307,425,412,8505
322,6.2.2_img4.jpg,640,480,6,355,316,426,409,6603
323,6.2.2_img5.jpg,640,480,6,421,308,500,412,8216
324,6.2.3_img0.jpg,640,480,6,434,210,597,410,32600
325,6.2.3_img1.jpg,640,480,6,482,245,594,425,20160
326,6.2.3_img2.jpg,640,480,6,338,223,491,411,28764
327,6.2.3_img3.jpg,640,480,6,475,275,584,412,14933
328,6.2.3_img4.jpg,640,480,6,282,308,358,423,8740
329,6.2.3_img5.jpg,640,480,6,422,296,529,425,13803
33,0.2.3_img2.jpg,640,480,0,323,252,449,438,23436
330,6.2.4_img0.jpg,640,480,6,386,244,514,402,20224
331,6.2.4_img1.jpg,640,480,6,337,288,438,418,13130
332,6.2.4_img2.jpg,640,480,6,295,263,415,407,17280
333,6.2.4_img3.jpg,640,480,6,374,295,449,402,8025
334,6.2.4_img4.jpg,640,480,6,288,314,363,423,8175
335,6.2.4_img5.jpg,640,480,6,302,313,383,414,8181
336,6.2_img0.jpg,640,480,6,447,251,562,415,18860
337,6.2_img1.jpg,640,480,6,443,267,555,418,16912
338,6.2_img2.jpg,640,480,6,279,270,388,413,15587
339,6.2_img3.jpg,640,480,6,376,296,459,395,8217
34,0.2.3_img3.jpg,640,480,0,491,279,581,404,11250
340,6.2_img4.jpg,640,480,6,398,313,473,412,7425
341,6.2_img5.jpg,640,480,6,346,291,421,408,8775
342,64.jpeg,1080,720,0,517,89,977,503,190440
343,8.jpeg,1080,720,7,448,254,800,624,130240
344,72.jpeg,1080,720,0,574,145,928,463,112572
345,24.jpeg,1080,720,7,394,182,770,559,141752
346,8.jpeg,1080,720,8,458,222,789,545,106913
347,24.jpeg,1080,720,8,478,182,854,553,139496
348,40.jpeg,1080,720,8,508,179,905,559,150860
349,120.jpeg,1080,720,8,545,208,887,537,112518
35,0.2.3_img4.jpg,640,480,0,349,312,424,419,8025
350,168.jpeg,1080,720,9,581,112,1031,571,206550
351,184.jpeg,1080,720,9,458,27,905,481,202938
352,192.jpeg,1080,720,9,455,102,909,569,212018
353,208.jpeg,1080,720,9,481,99,937,571,215232
354,80.jpeg,1080,720,6,482,29,1026,585,302464
355,cir1.2_img0.jpg,640,480,5,275,239,439,385,23944
356,cir1.2_img1.jpg,640,480,5,349,259,478,388,16641
357,cir1.2_img2.jpg,640,480,5,354,250,508,399,22946
358,cir1.2_img3.jpg,640,480,5,296,283,403,385,10914
359,cir1.2_img4.jpg,640,480,5,308,302,399,412,10010
36,0.2.3_img5.jpg,640,480,0,351,306,418,421,7705
360,cir1.2_img5.jpg,640,480,5,422,291,529,403,11984
361,cir1.3_img0.jpg,640,480,5,248,201,438,388,35530
362,cir1.3_img1.jpg,640,480,5,289,224,461,410,31992
363,cir1.3_img2.jpg,640,480,5,135,233,291,396,25428
364,cir1.3_img3.jpg,640,480,5,318,277,421,395,12154
365,cir1.3_img4.jpg,640,480,5,305,301,405,404,10300
366,cir1.3_img5.jpg,640,480,5,235,293,333,407,11172
367,cir1.4_img0.jpg,640,480,5,317,236,480,400,26732
368,cir1.4_img1.jpg,640,480,5,266,260,402,405,19720
369,cir1.4_img2.jpg,640,480,5,315,258,472,419,25277
37,0.2.4_img0.jpg,640,480,0,434,265,555,418,18513
370,cir1.4_img3.jpg,640,480,5,313,285,422,400,12535
371,cir1.4_img4.jpg,640,480,5,280,307,379,403,9504
372,cir1.4_img5.jpg,640,480,5,311,298,401,402,9360
373,cir1_img0.jpg,640,480,5,296,235,462,383,24568
374,cir1_img1.jpg,640,480,5,315,264,451,400,18496
375,cir1_img2.jpg,640,480,5,268,255,417,392,20413
376,cir1_img3.jpg,640,480,5,327,296,421,387,8554
377,cir1_img4.jpg,640,480,5,219,304,305,392,7568
378,cir1_img5.jpg,640,480,5,333,297,433,392,9500
379,cir2.2_img0.jpg,640,480,5,366,236,510,383,21168
38,0.2.4_img1.jpg,640,480,0,454,297,542,422,11000
380,cir2.2_img1.jpg,640,480,5,422,277,547,413,17000
381,cir2.2_img2.jpg,640,480,5,389,254,548,401,23373
382,cir2.2_img3.jpg,640,480,5,414,289,511,397,10476
383,cir2.2_img4.jpg,640,480,5,384,310,474,411,9090
384,cir2.2_img5.jpg,640,480,5,443,299,546,407,11124
385,cir2.3_img0.jpg,640,480,5,442,207,631,391,34776
386,cir2.3_img1.jpg,640,480,5,454,254,594,407,21420
387,cir2.3_img2.jpg,640,480,5,354,243,535,410,30227
388,cir2.3_img3.jpg,640,480,5,423,276,545,392,14152
389,cir2.3_img4.jpg,640,480,5,339,302,434,403,9595
39,0.2.4_img2.jpg,640,480,0,292,279,392,410,13100
390,cir2.3_img5.jpg,640,480,5,421,296,542,403,12947
391,cir2.4_img0.jpg,640,480,5,429,242,592,393,24613
392,cir2.4_img1.jpg,640,480,5,341,276,470,409,17157
393,cir2.4_img2.jpg,640,480,5,194,252,338,391,20016
394,cir2.4_img3.jpg,640,480,5,341,298,433,386,8096
395,cir2.4_img4.jpg,640,480,5,248,309,340,402,8556
396,cir2.4_img5.jpg,640,480,5,265,307,357,393,7912
397,cir2_img0.jpg,640,480,5,397,235,561,398,26732
398,cir2_img1.jpg,640,480,5,333,268,447,402,15276
399,cir2_img2.jpg,640,480,5,242,259,378,390,17816
4,0.1.2_img3.jpg,640,480,0,396,288,485,403,10235
400,cir2_img3.jpg,640,480,5,370,282,468,394,10976
401,cir2_img4.jpg,640,480,5,278,301,364,396,8170
402,cir2_img5.jpg,640,480,5,280,302,380,399,9700
403,8.jpeg,1080,720,2,463,248,821,571,115634
404,16.jpeg,1080,720,2,467,223,813,552,113834
406,down1.2_img0.jpg,640,480,2,322,240,493,418,30438
407,down1.2_img1.jpg,640,480,2,333,268,466,438,22610
408,down1.2_img2.jpg,640,480,2,415,261,584,448,31603
409,down1.2_img3.jpg,640,480,2,349,286,446,412,12222
41,0.2.4_img4.jpg,640,480,0,300,323,365,420,6305
410,down1.2_img4.jpg,640,480,2,278,320,371,426,9858
411,down1.2_img5.jpg,640,480,2,425,313,541,436,14268
412,down1.3_img0.jpg,640,480,2,237,227,408,420,33003
413,down1.3_img1.jpg,640,480,2,299,273,454,430,24335
414,down1.3_img2.jpg,640,480,2,129,283,260,431,19388
415,down1.3_img3.jpg,640,480,2,277,298,373,409,10656
416,down1.3_img4.jpg,640,480,2,247,317,349,428,11322
417,down1.3_img5.jpg,640,480,2,218,322,304,418,8256
418,down1.4_img0.jpg,640,480,2,351,254,490,413,22101
419,down1.4_img2.jpg,640,480,2,176,271,315,428,21823
42,0.2_img0.jpg,640,480,0,489,250,593,404,16016
420,down1.4_img3.jpg,640,480,2,343,299,442,410,10989
421,down1.4_img4.jpg,640,480,2,236,326,311,421,7125
422,down1.4_img5.jpg,640,480,2,265,311,351,420,9374
423,down1_img0.jpg,640,480,2,294,260,442,412,22496
424,down1_img1.jpg,640,480,2,257,263,391,432,22646
425,down1_img2.jpg,640,480,2,158,285,285,418,16891
426,down1_img3.jpg,640,480,2,259,297,354,396,9405
427,down1_img4.jpg,640,480,2,311,321,403,425,9568
428,down1_img5.jpg,640,480,2,225,321,322,415,9118
429,down2.2_img0.jpg,640,480,2,493,240,640,427,27489
43,0.2_img1.jpg,640,480,0,405,254,513,416,17496
430,down2.2_img1.jpg,640,480,2,480,284,615,429,19575
431,down2.2_img2.jpg,640,480,2,383,260,561,448,33464
432,down2.2_img3.jpg,640,480,2,431,296,537,412,12296
433,down2.2_img4.jpg,640,480,2,389,323,477,418,8360
434,down2.2_img5.jpg,640,480,2,381,321,489,431,11880
435,down2.3_img0.jpg,640,480,2,451,252,627,416,28864
436,down2.3_img1.jpg,640,480,2,429,291,545,435,16704
437,down2.3_img2.jpg,640,480,2,361,276,514,435,24327
438,down2.3_img3.jpg,640,480,2,449,293,569,407,13680
439,down2.3_img4.jpg,640,480,2,301,314,391,428,10260
44,0.2_img2.jpg,640,480,0,398,257,520,408,18422
440,down2.3_img5.jpg,640,480,2,322,312,430,422,11880
441,down2.4_img0.jpg,640,480,2,427,269,573,413,21024
442,down2.4_img1.jpg,640,480,2,303,297,418,427,14950
443,down2.4_img2.jpg,640,480,2,260,272,393,425,20349
444,down2.4_img3.jpg,640,480,2,351,306,438,407,8787
445,down2.4_img4.jpg,640,480,2,295,328,381,426,8428
446,down2.4_img5.jpg,640,480,2,266,316,353,415,8613
447,down2_img0.jpg,640,480,2,433,253,589,420,26052
448,down2_img1.jpg,640,480,2,338,285,467,424,17931
449,down2_img2.jpg,640,480,2,165,269,300,430,21735
45,0.2_img3.jpg,640,480,0,415,284,476,410,7686
450,down2_img3.jpg,640,480,2,391,306,501,405,10890
451,down2_img4.jpg,640,480,2,293,324,380,417,8091
452,down2_img5.jpg,640,480,2,217,308,301,420,9408
453,80.jpeg,1080,720,5,181,228,464,535,86881
454,88.jpeg,1080,720,5,1,261,265,593,87648
455,96.jpeg,1080,720,5,90,313,398,641,101024
456,104.jpeg,1080,720,5,244,204,572,517,102664
457,img7_1_0.jpg,640,480,7,268,283,374,431,15688
458,img7_1_2.jpg,640,480,7,331,309,413,433,10168
459,img7_1_2_0.jpg,640,480,7,216,282,338,434,18544
46,0.2_img4.jpg,640,480,0,376,299,452,412,8588
460,img7_1_2_1.jpg,640,480,7,231,291,327,433,13632
461,img7_1_2_2.jpg,640,480,7,313,304,408,433,12255
462,img7_1_2_3.jpg,640,480,7,214,324,289,430,7950
463,img7_1_2_4.jpg,640,480,7,165,331,235,434,7210
464,img7_1_2_5.jpg,640,480,7,375,339,447,437,7056
465,img7_1_3.jpg,640,480,7,250,326,310,438,6720
466,img7_1_3_0.jpg,640,480,7,164,269,291,454,23495
467,img7_1_3_1.jpg,640,480,7,243,291,365,467,21472
468,img7_1_3_2.jpg,640,480,7,138,316,223,462,12410
469,img7_1_3_4.jpg,640,480,7,152,339,244,470,12052
47,20200828_085913.jpg,640,480,11,249,163,419,330,28390
470,img7_1_3_5.jpg,640,480,7,213,359,279,463,6864
471,img7_1_4.jpg,640,480,7,226,336,298,451,8280
472,img7_1_4_0.jpg,640,480,7,303,285,403,440,15500
473,img7_1_4_1.jpg,640,480,7,242,312,329,449,11919
474,img7_1_4_2.jpg,640,480,7,217,306,310,433,11811
475,img7_1_4_3.jpg,640,480,7,300,331,371,435,7384
476,img7_1_4_4.jpg,640,480,7,145,342,233,441,8712
477,img7_1_4_5.jpg,640,480,7,251,335,317,442,7062
478,img7_1_5.jpg,640,480,7,350,342,420,441,6930
479,img7_2_0.jpg,640,480,7,502,288,638,443,21080
480,img7_2_1.jpg,640,480,7,293,289,402,442,16677
481,img7_2_2.jpg,640,480,7,330,288,442,437,16688
482,img7_2_2_0.jpg,640,480,7,392,269,508,447,20648
483,img7_2_2_1.jpg,640,480,7,375,297,481,442,15370
484,img7_2_2_2.jpg,640,480,7,440,294,538,443,14602
485,img7_2_2_3.jpg,640,480,7,376,323,465,441,10502
486,img7_2_2_4.jpg,640,480,7,373,340,445,447,7704
487,img7_2_2_5.jpg,640,480,7,413,330,505,444,10488
488,img7_2_3.jpg,640,480,7,405,325,491,444,10234
489,img7_2_3_0.jpg,640,480,7,412,232,533,414,22022
49,20200828_090102.jpg,640,480,11,240,147,408,309,27216
490,img7_2_3_1.jpg,640,480,7,388,270,493,443,18165
491,img7_2_3_2.jpg,640,480,7,128,267,241,422,17515
492,img7_2_3_3.jpg,640,480,7,427,293,500,409,8468
493,img7_2_3_4.jpg,640,480,7,239,312,323,420,9072
494,img7_2_3_5.jpg,640,480,7,281,311,356,425,8550
495,img7_2_4.jpg,640,480,7,355,335,419,441,6784
496,img7_2_4_0.jpg,640,480,7,368,298,455,444,12702
497,img7_2_4_1.jpg,640,480,7,234,306,316,449,11726
498,img7_2_4_2.jpg,640,480,7,403,305,496,440,12555
499,img7_2_4_3.jpg,640,480,7,349,341,434,437,8160
5,0.1.2_img4.jpg,640,480,0,353,314,435,420,8692
50,20200828_090121.jpg,640,480,11,258,173,408,317,21600
500,img7_2_4_4.jpg,640,480,7,191,337,264,440,7519
501,img7_2_4_5.jpg,640,480,7,364,339,435,441,7242
502,img7_2_5.jpg,640,480,7,432,339,504,440,7272
503,img8_1_0.jpg,640,480,8,332,252,441,408,17004
504,img8_1_2.jpg,640,480,8,318,281,418,428,14700
505,img8_1_2_0.jpg,640,480,8,217,246,329,413,18704
506,img8_1_2_1.jpg,640,480,8,303,265,421,435,20060
507,img8_1_2_2.jpg,640,480,8,410,276,507,425,14453
508,img8_1_2_3.jpg,640,480,8,250,294,322,403,7848
509,img8_1_2_4.jpg,640,480,8,369,319,445,419,7600
51,20200828_090128.jpg,640,480,11,253,215,405,363,22496
510,img8_1_2_5.jpg,640,480,8,433,311,507,425,8436
511,img8_1_3.jpg,640,480,8,325,306,397,409,7416
512,img8_1_3_0.jpg,640,480,8,147,234,298,415,27331
513,img8_1_3_1.jpg,640,480,8,253,257,371,442,21830
514,img8_1_3_2.jpg,640,480,8,174,274,259,428,13090
515,img8_1_3_3.jpg,640,480,8,236,298,324,418,10560
516,img8_1_3_4.jpg,640,480,8,176,307,247,435,9088
517,img8_1_3_5.jpg,640,480,8,215,322,280,422,6500
518,img8_1_4.jpg,640,480,8,305,323,384,429,8374
519,img8_1_4_0.jpg,640,480,8,345,250,458,416,18758
52,20200828_090144.jpg,640,480,11,231,189,406,366,30975
520,img8_1_4_1.jpg,640,480,8,306,290,422,431,16356
521,img8_1_4_2.jpg,640,480,8,301,265,407,426,17066
522,img8_1_4_3.jpg,640,480,8,319,294,396,405,8547
523,img8_1_4_5.jpg,640,480,8,280,311,354,431,8880
524,img8_1_5.jpg,640,480,8,348,322,436,425,9064
525,img8_2_0.jpg,640,480,8,466,254,594,412,20224
526,img8_2_1.jpg,640,480,8,429,275,541,439,18368
527,img8_2_2.jpg,640,480,8,471,264,617,448,26864
528,img8_2_2_0.jpg,640,480,8,393,256,530,424,23016
529,img8_2_2_1.jpg,640,480,8,423,268,536,438,19210
53,20200828_090212.jpg,640,480,11,238,182,377,311,17931
530,img8_2_2_2.jpg,640,480,8,377,268,504,442,22098
531,img8_2_2_3.jpg,640,480,8,385,296,462,406,8470
532,img8_2_2_4.jpg,640,480,8,320,327,390,425,6860
533,img8_2_2_5.jpg,640,480,8,481,322,572,439,10647
534,img8_2_3.jpg,640,480,8,414,296,480,414,7788
535,img8_2_3_0.jpg,640,480,8,477,238,616,431,26827
536,img8_2_3_1.jpg,640,480,8,328,285,425,438,14841
537,img8_2_3_2.jpg,640,480,8,207,255,304,423,16296
538,img8_2_3_3.jpg,640,480,8,409,296,492,418,10126
539,img8_2_3_4.jpg,640,480,8,331,321,401,434,7910
54,20200828_090241.jpg,640,480,11,247,150,413,293,23738
540,img8_2_3_5.jpg,640,480,8,390,314,464,434,8880
541,img8_2_4.jpg,640,480,8,374,319,438,433,7296
542,img8_2_4_0.jpg,640,480,8,358,267,468,417,16500
543,img8_2_4_1.jpg,640,480,8,269,286,365,434,14208
544,img8_2_4_2.jpg,640,480,8,307,278,417,446,18480
545,img8_2_4_3.jpg,640,480,8,344,315,416,427,8064
546,img8_2_4_4.jpg,640,480,8,251,338,315,426,5632
547,img8_2_4_5.jpg,640,480,8,344,324,411,437,7571
548,img8_2_5.jpg,640,480,8,401,309,488,434,10875
549,imgv_1_0.jpg,640,480,11,292,275,419,424,18923
55,20200828_090302.jpg,640,480,11,238,128,375,256,17536
550,imgv_1_1.jpg,640,480,11,239,300,347,429,13932
551,imgv_1_2.jpg,640,480,11,321,312,430,434,13298
552,imgv_1_2_0.jpg,640,480,11,217,266,345,421,19840
553,imgv_1_2_1.jpg,640,480,11,124,283,250,430,18522
554,imgv_1_2_2.jpg,640,480,11,427,298,562,425,17145
555,imgv_1_2_3.jpg,640,480,11,273,315,361,415,8800
556,imgv_1_2_4.jpg,640,480,11,239,324,321,421,7954
557,imgv_1_2_5.jpg,640,480,11,412,336,491,425,7031
558,imgv_1_3.jpg,640,480,11,292,328,387,421,8835
559,imgv_1_3_0.jpg,640,480,11,293,269,442,433,24436
560,imgv_1_3_1.jpg,640,480,11,183,269,328,444,25375
561,imgv_1_3_2.jpg,640,480,11,181,277,324,422,20735
562,imgv_1_3_3.jpg,640,480,11,276,306,381,423,12285
563,imgv_1_3_4.jpg,640,480,11,147,329,247,432,10300
564,imgv_1_3_5.jpg,640,480,11,229,317,318,419,9078
565,imgv_1_4.jpg,640,480,11,237,335,328,435,9100
566,imgv_1_4_0.jpg,640,480,11,299,318,411,439,13552
567,imgv_1_4_1.jpg,640,480,11,265,343,357,451,9936
568,imgv_1_4_2.jpg,640,480,11,413,312,540,433,15367
569,imgv_1_4_3.jpg,640,480,11,308,349,396,439,7920
57,20200828_090414.jpg,640,480,12,208,144,356,285,20868
570,imgv_1_4_4.jpg,640,480,11,217,362,312,452,8550
571,imgv_1_4_5.jpg,640,480,11,250,357,322,452,6840
572,imgv_1_5.jpg,640,480,11,405,347,499,437,8460
573,imgv_2_0.jpg,640,480,11,446,305,581,439,18090
574,imgv_2_1.jpg,640,480,11,298,311,401,440,13287
575,imgv_2_2.jpg,640,480,11,412,302,559,441,20433
576,imgv_2_2_0.jpg,640,480,11,415,278,560,423,21025
577,imgv_2_2_1.jpg,640,480,11,440,306,552,430,13888
578,imgv_2_2_2.jpg,640,480,11,415,276,560,433,22765
579,imgv_2_2_3.jpg,640,480,11,334,318,444,428,12100
58,20200828_090432.jpg,640,480,12,216,169,351,296,17145
580,imgv_2_2_4.jpg,640,480,11,292,331,376,423,7728
581,imgv_2_2_5.jpg,640,480,11,463,321,579,439,13688
582,imgv_2_3.jpg,640,480,11,364,339,470,439,10600
583,imgv_2_3_0.jpg,640,480,11,489,280,632,436,22308
584,imgv_2_3_1.jpg,640,480,11,275,298,390,439,16215
585,imgv_2_3_2.jpg,640,480,11,211,278,332,418,16940
586,imgv_2_3_3.jpg,640,480,11,407,328,503,419,8736
587,imgv_2_3_4.jpg,640,480,11,226,341,297,433,6532
588,imgv_2_3_5.jpg,640,480,11,328,325,409,431,8586
589,imgv_2_4.jpg,640,480,11,183,346,264,429,6723
59,20200828_090435.jpg,640,480,12,221,157,348,278,15367
590,imgv_2_4_0.jpg,640,480,11,241,336,316,429,6975
591,imgv_2_4_1.jpg,640,480,11,224,353,308,452,8316
592,imgv_2_4_2.jpg,640,480,11,389,364,475,444,6880
593,imgv_2_4_3.jpg,640,480,11,487,351,557,438,6090
594,imgv_2_4_4.jpg,640,480,11,223,373,303,458,6800
595,imgv_2_4_5.jpg,640,480,11,406,349,498,455,9752
596,imgv_2_5.jpg,640,480,11,464,346,560,438,8832
597,imgw_1_0.jpg,640,480,12,284,251,452,401,25200
598,imgw_1_1.jpg,640,480,12,242,277,385,418,20163
599,imgw_1_2.jpg,640,480,12,304,285,474,420,22950
6,0.1.2_img5.jpg,640,480,0,445,301,538,409,10044
60,20200828_090447.jpg,640,480,12,268,145,380,258,12656
600,imgw_1_2_0.jpg,640,480,12,242,270,399,407,21509
601,imgw_1_2_1.jpg,640,480,12,322,294,461,426,18348
602,imgw_1_2_2.jpg,640,480,12,350,284,498,412,18944
603,imgw_1_2_3.jpg,640,480,12,293,301,404,398,10767
604,imgw_1_2_4.jpg,640,480,12,318,325,413,417,8740
605,imgw_1_2_5.jpg,640,480,12,437,314,552,408,10810
606,imgw_1_3.jpg,640,480,12,236,294,346,402,11880
607,imgw_1_3_0.jpg,640,480,12,242,221,444,420,40198
608,imgw_1_3_1.jpg,640,480,12,302,254,472,429,29750
609,imgw_1_3_2.jpg,640,480,12,187,266,341,417,23254
61,20200828_090456.jpg,640,480,12,241,139,384,281,20306
610,imgw_1_3_3.jpg,640,480,12,252,285,371,410,14875
611,imgw_1_3_4.jpg,640,480,12,237,306,357,424,14160
612,imgw_1_3_5.jpg,640,480,12,217,315,329,415,11200
613,imgw_1_4.jpg,640,480,12,234,311,341,408,10379
614,imgw_1_4_0.jpg,640,480,12,180,251,350,399,25160
615,imgw_1_4_1.jpg,640,480,12,175,276,337,421,23490
616,imgw_1_4_2.jpg,640,480,12,207,279,356,417,20562
617,imgw_1_4_3.jpg,640,480,12,171,300,285,397,11058
618,imgw_1_4_4.jpg,640,480,12,144,313,253,421,11772
619,imgw_1_4_5.jpg,640,480,12,197,319,305,414,10260
62,20200828_090512.jpg,640,480,12,248,161,386,296,18630
620,imgw_1_5.jpg,640,480,12,270,313,382,411,10976
621,imgw_2_0.jpg,640,480,12,351,261,524,410,25777
622,imgw_2_1.jpg,640,480,12,302,284,444,412,18176
623,imgw_2_2_0.jpg,640,480,12,384,266,547,409,23309
624,imgw_2_2_1.jpg,640,480,12,379,293,520,417,17484
625,imgw_2_2_2.jpg,640,480,12,401,292,563,420,20736
626,imgw_2_2_3.jpg,640,480,12,318,302,421,402,10300
627,imgw_2_2_4.jpg,640,480,12,291,325,388,415,8730
628,imgw_2_2_5.jpg,640,480,12,364,317,474,417,11000
629,imgw_2_3.jpg,640,480,12,307,288,428,398,13310
63,20200828_090531.jpg,640,480,12,186,146,394,344,41184
630,imgw_2_3_0.jpg,640,480,12,403,241,597,423,35308
631,imgw_2_3_1.jpg,640,480,12,308,268,459,421,23103
632,imgw_2_3_2.jpg,640,480,12,331,274,500,427,25857
633,imgw_2_3_3.jpg,640,480,12,332,287,451,403,13804
634,imgw_2_3_4.jpg,640,480,12,306,315,413,427,11984
635,imgw_2_3_5.jpg,640,480,12,292,308,411,421,13447
636,imgw_2_4.jpg,640,480,12,287,299,399,419,13440
637,imgw_2_4_0.jpg,640,480,12,377,252,551,409,27318
638,imgw_2_4_1.jpg,640,480,12,299,283,438,425,19738
639,imgw_2_4_2.jpg,640,480,12,325,263,510,420,29045
640,imgw_2_4_3.jpg,640,480,12,331,298,444,390,10396
641,imgw_2_4_4.jpg,640,480,12,279,323,381,414,9282
642,imgw_2_4_5.jpg,640,480,12,399,310,523,417,13268
643,imgw_2_5.jpg,640,480,12,310,295,433,401,13038
644,imgx_1_0.jpg,640,480,13,294,229,447,403,26622
645,imgx_1_1.jpg,640,480,13,244,247,383,414,23213
646,imgx_1_2.jpg,640,480,13,322,257,479,418,25277
647,imgx_1_2_0.jpg,640,480,13,192,217,354,397,29160
648,imgx_1_2_1.jpg,640,480,13,169,237,320,418,27331
649,imgx_1_2_2.jpg,640,480,13,368,263,524,427,25584
65,20200828_090741.jpg,640,480,12,225,174,369,311,19728
650,imgx_1_2_3.jpg,640,480,13,230,280,320,394,10260
651,imgx_1_2_4.jpg,640,480,13,226,304,320,411,10058
652,imgx_1_2_5.jpg,640,480,13,293,303,374,407,8424
653,imgx_1_3.jpg,640,480,13,269,283,368,393,10890
654,imgx_1_3_0.jpg,640,480,13,305,231,450,403,24940
655,imgx_1_3_1.jpg,640,480,13,308,263,442,421,21172
656,imgx_1_3_2.jpg,640,480,13,265,264,378,411,16611
657,imgx_1_3_3.jpg,640,480,13,286,290,377,402,10192
658,imgx_1_3_4.jpg,640,480,13,232,307,317,414,9095
659,imgx_1_3_5.jpg,640,480,13,272,311,358,412,8686
66,20200828_090749.jpg,640,480,12,244,172,391,313,20727
660,imgx_1_4.jpg,640,480,13,253,300,347,401,9494
661,imgx_1_4_0.jpg,640,480,13,300,233,462,403,27540
662,imgx_1_4_1.jpg,640,480,13,217,249,354,417,23016
663,imgx_1_4_2.jpg,640,480,13,263,261,402,413,21128
664,imgx_1_4_3.jpg,640,480,13,249,296,342,395,9207
665,imgx_1_4_4.jpg,640,480,13,122,310,216,419,10246
666,imgx_1_4_5.jpg,640,480,13,204,311,280,408,7372
667,imgx_1_5.jpg,640,480,13,305,294,401,397,9888
668,imgx_2_0.jpg,640,480,13,435,229,610,397,29400
669,imgx_2_1.jpg,640,480,13,287,252,429,411,22578
67,20200828_090828.jpg,640,480,11,262,149,405,282,19019
670,imgx_2_2.jpg,640,480,13,385,251,548,413,26406
671,imgx_2_2_0.jpg,640,480,13,457,222,637,403,32580
672,imgx_2_2_1.jpg,640,480,13,431,257,609,416,28302
673,imgx_2_2_2.jpg,640,480,13,417,220,606,404,34776
674,imgx_2_2_3.jpg,640,480,13,300,280,394,391,10434
675,imgx_2_2_4.jpg,640,480,13,301,302,390,410,9612
676,imgx_2_2_5.jpg,640,480,13,405,292,517,404,12544
677,imgx_2_3.jpg,640,480,13,422,289,523,398,11009
678,imgx_2_3_0.jpg,640,480,13,444,243,593,411,25032
679,imgx_2_3_1.jpg,640,480,13,316,279,428,420,15792
68,20200828_090830.jpg,640,480,11,258,129,408,272,21450
680,imgx_2_3_2.jpg,640,480,13,305,260,445,414,21560
681,imgx_2_3_3.jpg,640,480,13,412,292,511,399,10593
682,imgx_2_3_4.jpg,640,480,13,308,316,381,422,7738
683,imgx_2_3_5.jpg,640,480,13,363,308,464,412,10504
684,imgx_2_4.jpg,640,480,13,266,307,346,400,7440
685,imgx_2_4_0.jpg,640,480,13,423,253,564,406,21573
686,imgx_2_4_1.jpg,640,480,13,391,279,505,421,16188
687,imgx_2_4_2.jpg,640,480,13,354,252,508,422,26180
688,imgx_2_4_3.jpg,640,480,13,370,297,458,399,8976
689,imgx_2_4_4.jpg,640,480,13,298,322,375,414,7084
69,20200828_090835.jpg,640,480,11,248,174,401,308,20502
690,imgx_2_4_5.jpg,640,480,13,340,312,436,411,9504
691,imgx_2_5.jpg,640,480,13,386,303,485,398,9405
692,imgy_1_0.jpg,640,480,14,209,253,353,426,24912
693,imgy_1_1.jpg,640,480,14,206,285,326,446,19320
694,imgy_1_2.jpg,640,480,14,266,288,387,439,18271
695,imgy_1_2_0.jpg,640,480,14,247,255,392,420,23925
696,imgy_1_2_1.jpg,640,480,14,308,284,432,441,19468
697,imgy_1_2_2.jpg,640,480,14,332,288,460,450,20736
698,imgy_1_2_3.jpg,640,480,14,250,303,340,409,9540
699,imgy_1_2_4.jpg,640,480,14,272,331,354,431,8200
7,0.1.3_img0.jpg,640,480,0,280,197,434,406,32186
70,20200828_090838.jpg,640,480,11,248,181,397,324,21307
700,imgy_1_3.jpg,640,480,14,297,315,391,421,9964
701,imgy_1_3_0.jpg,640,480,14,154,247,314,421,27840
702,imgy_1_3_1.jpg,640,480,14,179,257,329,442,27750
703,imgy_1_3_2.jpg,640,480,14,122,285,246,443,19592
704,imgy_1_3_3.jpg,640,480,14,207,297,297,416,10710
705,imgy_1_3_4.jpg,640,480,14,150,319,261,436,12987
706,imgy_1_3_5.jpg,640,480,14,208,326,292,427,8484
707,imgy_1_4.jpg,640,480,14,268,323,352,429,8904
708,imgy_1_4_0.jpg,640,480,14,207,259,351,417,22752
709,imgy_1_4_1.jpg,640,480,14,184,277,323,441,22796
710,imgy_1_4_2.jpg,640,480,14,233,296,352,429,15827
711,imgy_1_4_3.jpg,640,480,14,204,304,294,416,10080
712,imgy_1_4_4.jpg,640,480,14,182,321,274,436,10580
713,imgy_1_4_5.jpg,640,480,14,221,329,303,426,7954
714,imgy_1_5.jpg,640,480,14,355,326,450,424,9310
715,imgy_2_0.jpg,640,480,14,503,265,640,431,22742
716,imgy_2_1.jpg,640,480,14,373,298,472,444,14454
717,imgy_2_2.jpg,640,480,14,421,284,570,441,23393
718,imgy_2_2_0.jpg,640,480,14,405,251,566,440,30429
719,imgy_2_2_1.jpg,640,480,14,406,300,522,440,16240
720,imgy_2_2_2.jpg,640,480,14,455,279,618,439,26080
721,imgy_2_2_3.jpg,640,480,14,358,307,454,415,10368
722,imgy_2_2_4.jpg,640,480,14,336,330,417,422,7452
723,imgy_2_2_5.jpg,640,480,14,542,323,640,438,11270
724,imgy_2_3.jpg,640,480,14,434,309,534,410,10100
725,imgy_2_3_0.jpg,640,480,14,474,246,630,429,28548
726,imgy_2_3_1.jpg,640,480,14,364,277,486,455,21716
727,imgy_2_3_2.jpg,640,480,14,128,269,274,444,25550
728,imgy_2_3_3.jpg,640,480,14,417,301,519,426,12750
729,imgy_2_3_4.jpg,640,480,14,277,324,362,437,9605
730,imgy_2_3_5.jpg,640,480,14,228,322,320,425,9476
731,imgy_2_4.jpg,640,480,14,325,335,398,424,6497
732,imgy_2_4_0.jpg,640,480,14,418,269,561,436,23881
733,imgy_2_4_1.jpg,640,480,14,353,295,461,439,15552
734,imgy_2_4_2.jpg,640,480,14,244,285,366,431,17812
735,imgy_2_4_3.jpg,640,480,14,326,305,417,414,9919
736,imgy_2_4_4.jpg,640,480,14,207,326,293,438,9632
737,imgy_2_4_5.jpg,640,480,14,245,318,333,423,9240
738,imgy_2_5.jpg,640,480,14,471,322,565,423,9494
739,imgz_1_0.jpg,640,480,15,353,266,483,430,21320
74,20200828_090907.jpg,640,480,11,209,141,341,259,15576
740,imgz_1_1.jpg,640,480,15,308,284,418,437,16830
741,imgz_1_2.jpg,640,480,15,306,290,421,444,17710
742,imgz_1_2_0.jpg,640,480,15,176,250,312,432,24752
743,imgz_1_2_1.jpg,640,480,15,316,284,441,439,19375
744,imgz_1_2_2.jpg,640,480,15,291,279,406,438,18285
745,imgz_1_2_3.jpg,640,480,15,288,307,370,409,8364
746,imgz_1_2_4.jpg,640,480,15,277,328,359,432,8528
747,imgz_1_2_5.jpg,640,480,15,407,327,494,430,8961
748,imgz_1_3.jpg,640,480,15,330,304,408,415,8658
749,imgz_1_3_0.jpg,640,480,15,127,245,264,429,25208
75,20200828_090909.jpg,640,480,11,242,101,353,212,12321
750,imgz_1_3_1.jpg,640,480,15,206,259,357,453,29294
751,imgz_1_3_2.jpg,640,480,15,107,298,232,431,16625
752,imgz_1_3_3.jpg,640,480,15,222,296,321,418,12078
753,imgz_1_3_4.jpg,640,480,15,231,310,317,442,11352
754,imgz_1_3_5.jpg,640,480,15,185,315,262,423,8316
755,imgz_1_4.jpg,640,480,15,257,326,336,432,8374
756,imgz_1_4_0.jpg,640,480,15,181,231,354,447,37368
757,imgz_1_4_1.jpg,640,480,15,263,271,396,444,23009
758,imgz_1_4_2.jpg,640,480,15,41,256,181,437,25340
759,imgz_1_4_3.jpg,640,480,15,296,296,388,416,11040
76,20200828_090917.jpg,640,480,11,243,148,427,326,32752
760,imgz_1_4_4.jpg,640,480,15,229,319,314,437,10030
761,imgz_1_4_5.jpg,640,480,15,249,310,341,425,10580
762,imgz_1_5.jpg,640,480,15,318,325,391,427,7446
763,imgz_2_0.jpg,640,480,15,486,261,628,432,24282
764,imgz_2_1.jpg,640,480,15,333,297,444,441,15984
765,imgz_2_2.jpg,640,480,15,502,284,639,447,22331
766,imgz_2_2_0.jpg,640,480,15,486,251,640,441,29260
767,imgz_2_2_1.jpg,640,480,15,427,281,540,445,18532
768,imgz_2_2_2.jpg,640,480,15,401,265,571,449,31280
769,imgz_2_2_3.jpg,640,480,15,419,310,511,423,10396
77,20200828_090924.jpg,640,480,11,261,159,382,281,14762
770,imgz_2_2_4.jpg,640,480,15,349,331,426,436,8085
771,imgz_2_2_5.jpg,640,480,15,425,318,523,437,11662
772,imgz_2_3.jpg,640,480,15,457,303,548,422,10829
773,imgz_2_3_1.jpg,640,480,15,392,273,500,442,18252
774,imgz_2_3_2.jpg,640,480,15,227,266,361,446,24120
775,imgz_2_3_3.jpg,640,480,15,434,299,533,435,13464
776,imgz_2_3_4.jpg,640,480,15,319,322,397,434,8736
777,imgz_2_3_5.jpg,640,480,15,213,314,299,432,10148
778,imgz_2_4.jpg,640,480,15,410,329,489,436,8453
779,imgz_2_4_0.jpg,640,480,15,407,236,594,438,37774
78,20200828_091008.jpg,640,480,6,254,186,450,386,39200
780,imgz_2_4_1.jpg,640,480,15,239,267,361,437,20740
781,imgz_2_4_2.jpg,640,480,15,282,253,441,452,31641
782,imgz_2_4_3.jpg,640,480,15,382,306,474,411,9660
783,imgz_2_4_4.jpg,640,480,15,258,320,340,426,8692
784,imgz_2_4_5.jpg,640,480,15,336,317,435,427,10890
785,imgz_2_5.jpg,640,480,15,481,321,590,439,12862
786,24.jpeg,1080,720,4,623,103,987,428,118300
787,56.jpeg,1080,720,4,434,59,811,412,133081
788,72.jpeg,1080,720,4,431,62,864,464,174066
789,80.jpeg,1080,720,4,453,71,927,507,206664
79,20200828_091030.jpg,640,480,6,234,202,383,354,22648
790,left1.2_img0.jpg,640,480,4,317,251,491,422,29754
791,left1.2_img1.jpg,640,480,4,474,285,610,434,20264
792,left1.2_img2.jpg,640,480,4,313,279,475,438,25758
793,left1.2_img3.jpg,640,480,4,320,300,423,410,11330
794,left1.2_img4.jpg,640,480,4,366,327,462,432,10080
795,left1.2_img5.jpg,640,480,4,385,311,495,432,13310
796,left1.3_img0.jpg,640,480,4,242,251,407,424,28545
797,left1.3_img1.jpg,640,480,4,341,272,495,440,25872
798,left1.3_img2.jpg,640,480,4,203,291,333,429,17940
799,left1.3_img3.jpg,640,480,4,256,299,362,409,11660
8,0.1.3_img1.jpg,640,480,0,358,249,481,418,20787
80,20200828_091053.jpg,640,480,6,231,196,389,355,25122
800,left1.3_img4.jpg,640,480,4,275,314,372,420,10282
801,left1.3_img5.jpg,640,480,4,153,324,247,422,9212
802,left1.4_img0.jpg,640,480,4,298,260,448,420,24000
803,left1.4_img1.jpg,640,480,4,304,294,430,437,18018
804,left1.4_img2.jpg,640,480,4,224,282,368,424,20448
805,left1.4_img3.jpg,640,480,4,263,306,360,406,9700
806,left1.4_img4.jpg,640,480,4,292,330,381,432,9078
807,left1.4_img5.jpg,640,480,4,221,324,318,412,8536
808,left1_img0.jpg,640,480,4,347,258,514,418,26720
809,left1_img1.jpg,640,480,4,384,281,531,443,23814
810,left1_img2.jpg,640,480,4,254,278,407,430,23256
811,left1_img3.jpg,640,480,4,308,313,405,402,8633
812,left1_img4.jpg,640,480,4,262,321,344,414,7626
813,left1_img5.jpg,640,480,4,281,310,381,402,9200
814,left2.2_img0.jpg,640,480,4,443,251,618,432,31675
815,left2.2_img1.jpg,640,480,4,479,279,623,444,23760
816,left2.2_img2.jpg,640,480,4,390,277,576,440,30318
817,left2.2_img3.jpg,640,480,4,350,297,466,408,12876
818,left2.2_img4.jpg,640,480,4,363,322,463,427,10500
819,left2.2_img5.jpg,640,480,4,322,315,426,421,11024
820,left2.3_img0.jpg,640,480,4,489,249,640,428,27029
821,left2.3_img1.jpg,640,480,4,453,298,570,437,16263
822,left2.3_img2.jpg,640,480,4,240,274,398,436,25596
823,left2.3_img3.jpg,640,480,4,394,304,509,411,12305
824,left2.3_img4.jpg,640,480,4,329,329,435,428,10494
825,left2.3_img5.jpg,640,480,4,334,315,437,425,11330
826,left2.4_img0.jpg,640,480,4,436,272,603,425,25551
827,left2.4_img1.jpg,640,480,4,347,295,459,433,15456
828,left2.4_img2.jpg,640,480,4,172,274,336,428,25256
829,left2.4_img3.jpg,640,480,4,346,307,438,412,9660
830,left2.4_img4.jpg,640,480,4,250,330,332,427,7954
831,left2.4_img5.jpg,640,480,4,242,320,346,428,11232
832,left2_img0.jpg,640,480,4,472,257,619,427,24990
833,left2_img1.jpg,640,480,4,389,293,509,432,16680
834,left2_img2.jpg,640,480,4,262,281,418,431,23400
835,left2_img3.jpg,640,480,4,363,308,475,416,12096
836,left2_img4.jpg,640,480,4,332,316,426,418,9588
837,left2_img5.jpg,640,480,4,282,324,389,422,10486
838,photo_2020-09-17_16-06-56.jpg,956,1276,15,433,320,573,505,25900
839,photo_2020-09-17_16-06-58.jpg,956,1276,15,441,373,567,524,19026
840,photo_2020-09-17_16-08-04.jpg,956,1276,15,465,433,656,667,44694
841,photo_2020-09-17_16-08-14.jpg,956,1276,15,396,347,590,565,42292
842,photo_2020-09-17_16-08-16.jpg,956,1276,15,383,363,561,597,41652
843,photo_2020-09-17_16-08-20.jpg,956,1276,15,335,392,507,627,40420
844,photo_2020-09-17_16-08-22.jpg,956,1276,15,599,379,762,581,32926
845,photo_2020-09-17_16-08-27.jpg,956,1276,15,439,392,621,588,35672
846,photo_2020-09-17_16-08-28.jpg,956,1276,15,390,381,571,604,40363
847,photo_2020-09-17_16-08-30.jpg,956,1276,15,397,375,571,592,37758
848,photo_2020-09-17_16-08-33.jpg,956,1276,15,364,398,513,560,24138
849,photo_2020-09-17_16-08-35.jpg,956,1276,15,215,554,363,712,23384
85,20200828_091211.jpg,640,480,6,236,197,395,354,24963
850,photo_2020-09-17_16-08-37.jpg,956,1276,15,415,488,590,668,31500
851,photo_2020-09-17_16-08-41.jpg,956,1276,15,485,610,634,798,28012
852,photo_2020-09-17_16-08-43.jpg,956,1276,15,539,688,686,866,26166
853,photo_2020-09-17_16-08-45.jpg,956,1276,15,112,524,285,686,28026
854,photo_2020-09-17_16-19-47.jpg,956,1276,6,628,309,774,533,32704
855,photo_2020-09-17_16-20-01.jpg,956,1276,6,492,297,638,521,32704
856,photo_2020-09-17_16-20-02.jpg,956,1276,6,432,329,573,553,31584
857,photo_2020-09-17_16-20-04.jpg,956,1276,6,278,486,419,686,28200
858,photo_2020-09-17_16-20-06.jpg,956,1276,6,256,359,399,586,32461
859,photo_2020-09-17_16-20-07.jpg,956,1276,6,356,303,499,555,36036
86,20200828_091226.jpg,640,480,6,318,139,457,281,19738
860,photo_2020-09-17_16-20-09.jpg,956,1276,6,387,206,522,459,34155
861,photo_2020-09-17_16-20-11.jpg,956,1276,6,300,254,421,488,28314
862,photo_2020-09-17_16-20-12.jpg,956,1276,6,324,278,441,506,26676
863,photo_2020-09-17_16-20-14.jpg,956,1276,6,281,221,396,461,27600
864,photo_2020-09-17_16-20-15.jpg,956,1276,6,587,495,686,658,16137
865,photo_2020-09-17_16-20-17.jpg,956,1276,6,498,581,593,718,13015
866,photo_2020-09-17_16-20-45.jpg,956,1276,9,648,533,771,715,22386
867,photo_2020-09-17_16-20-46.jpg,956,1276,9,581,481,712,674,25283
868,photo_2020-09-17_16-20-48.jpg,956,1276,9,519,501,669,689,28200
869,photo_2020-09-17_16-20-50.jpg,956,1276,9,586,556,730,751,28080
87,20200828_091239.jpg,640,480,6,276,167,418,306,19738
870,photo_2020-09-17_16-20-52.jpg,956,1276,9,510,501,665,705,31620
871,photo_2020-09-17_16-20-53.jpg,956,1276,9,530,549,635,747,20790
872,photo_2020-09-17_16-20-55.jpg,956,1276,9,394,484,528,696,28408
873,photo_2020-09-17_16-20-56.jpg,956,1276,9,341,414,475,642,30552
874,photo_2020-09-17_16-20-57.jpg,956,1276,9,349,421,494,622,29145
875,photo_2020-09-17_16-20-59.jpg,956,1276,9,306,431,446,622,26740
876,photo_2020-09-17_16-21-00.jpg,956,1276,9,324,472,442,658,21948
877,photo_2020-09-17_16-21-02.jpg,956,1276,9,333,434,444,618,20424
878,photo_2020-09-17_16-21-03.jpg,956,1276,9,270,383,406,551,22848
879,photo_2020-09-17_16-21-04.jpg,956,1276,9,416,599,521,760,16905
88,20200828_091243.jpg,640,480,6,279,160,418,294,18626
880,photo_2020-09-17_16-21-45.jpg,956,1276,8,679,432,809,615,23790
881,photo_2020-09-17_16-21-48.jpg,956,1276,8,497,465,621,642,21948
882,photo_2020-09-17_16-21-50.jpg,956,1276,8,387,436,506,610,20706
883,photo_2020-09-17_16-21-51.jpg,956,1276,8,433,361,601,571,35280
884,photo_2020-09-17_16-21-53.jpg,956,1276,8,349,366,505,577,32916
885,photo_2020-09-17_16-21-54.jpg,956,1276,8,346,390,476,594,26520
886,photo_2020-09-17_16-21-56.jpg,956,1276,8,313,373,448,565,25920
887,photo_2020-09-17_16-21-58.jpg,956,1276,8,296,336,406,532,21560
888,photo_2020-09-17_16-21-59.jpg,956,1276,8,346,370,455,561,20819
889,photo_2020-09-17_16-22-01.jpg,956,1276,8,340,322,440,515,19300
89,20200828_091254.jpg,640,480,6,266,144,408,284,19880
890,photo_2020-09-17_16-22-02.jpg,956,1276,8,284,322,387,513,19673
891,photo_2020-09-17_16-22-42.jpg,956,1276,7,490,363,627,558,26715
892,photo_2020-09-17_16-22-43.jpg,956,1276,7,452,329,599,526,28959
893,photo_2020-09-17_16-22-50.jpg,956,1276,7,355,355,495,533,24920
894,photo_2020-09-17_16-22-51.jpg,956,1276,7,324,319,467,515,28028
895,photo_2020-09-17_16-22-52.jpg,956,1276,7,295,341,449,533,29568
896,photo_2020-09-17_16-22-53.jpg,956,1276,7,226,329,374,536,30636
897,photo_2020-09-17_16-22-55.jpg,956,1276,7,267,311,412,534,32335
898,photo_2020-09-17_16-22-56.jpg,956,1276,7,303,272,459,504,36192
899,photo_2020-09-17_16-22-57.jpg,956,1276,7,258,290,422,529,39196
9,0.1.3_img2.jpg,640,480,0,265,251,397,410,20988
90,20200828_091305.jpg,640,480,6,204,204,321,316,13104
900,photo_2020-09-17_16-23-39.jpg,956,1276,14,451,233,662,458,47475
901,photo_2020-09-17_16-23-41.jpg,956,1276,14,403,345,605,542,39794
902,photo_2020-09-17_16-23-43.jpg,956,1276,14,285,311,498,521,44730
903,photo_2020-09-17_16-23-46.jpg,956,1276,14,350,300,596,515,52890
904,photo_2020-09-17_16-23-48.jpg,956,1276,14,217,326,435,551,49050
905,photo_2020-09-17_16-23-50.jpg,956,1276,14,237,330,447,567,49770
906,photo_2020-09-17_16-23-51.jpg,956,1276,14,214,292,412,527,46530
907,photo_2020-09-17_16-23-53.jpg,956,1276,14,254,269,428,524,44370
908,photo_2020-09-17_16-23-55.jpg,956,1276,14,312,291,487,547,44800
909,photo_2020-09-17_16-23-58.jpg,956,1276,14,371,369,526,594,34875
910,photo_2020-09-17_16-24-00.jpg,956,1276,14,378,413,545,638,37575
911,photo_2020-09-17_16-24-36.jpg,956,1276,5,305,398,546,620,53502
912,photo_2020-09-17_16-24-38.jpg,956,1276,5,396,433,626,641,47840
913,photo_2020-09-17_16-24-39.jpg,956,1276,5,390,476,610,681,45100
914,photo_2020-09-17_16-24-41.jpg,956,1276,5,346,522,595,729,51543
915,photo_2020-09-17_16-24-42.jpg,956,1276,5,356,521,616,731,54600
916,photo_2020-09-17_16-24-43.jpg,956,1276,5,246,516,517,739,60433
917,photo_2020-09-17_16-24-44.jpg,956,1276,5,304,445,556,681,59472
918,photo_2020-09-17_16-24-46.jpg,956,1276,5,242,443,482,701,61920
919,photo_2020-09-17_16-24-47.jpg,956,1276,5,264,445,476,687,51304
920,photo_2020-09-17_16-25-14.jpg,956,1276,13,544,283,711,480,32899
921,photo_2020-09-17_16-25-15.jpg,956,1276,13,606,317,789,524,37881
922,photo_2020-09-17_16-25-17.jpg,956,1276,13,374,478,556,651,31486
923,photo_2020-09-17_16-25-18.jpg,956,1276,13,364,393,565,585,38592
924,photo_2020-09-17_16-25-19.jpg,956,1276,13,294,324,499,538,43870
925,photo_2020-09-17_16-25-20.jpg,956,1276,13,145,320,365,545,49500
926,photo_2020-09-17_16-25-21.jpg,956,1276,13,269,286,462,533,47671
927,photo_2020-09-17_16-25-22.jpg,956,1276,13,142,280,340,520,47520
928,photo_2020-09-17_16-25-23.jpg,956,1276,13,131,297,316,536,44215
929,photo_2020-09-17_16-26-26.jpg,956,1276,11,504,286,667,515,37327
930,photo_2020-09-17_16-26-27.jpg,956,1276,11,604,322,771,529,34569
931,photo_2020-09-17_16-26-28.jpg,956,1276,11,556,363,728,576,36636
932,photo_2020-09-17_16-26-29.jpg,956,1276,11,309,356,541,553,45704
933,photo_2020-09-17_16-26-30.jpg,956,1276,11,200,298,453,522,56672
934,photo_2020-09-17_16-26-31.jpg,956,1276,11,141,349,394,572,56419
935,photo_2020-09-17_16-26-32.jpg,956,1276,11,81,301,344,542,63383
936,photo_2020-09-17_16-26-33.jpg,956,1276,11,145,318,401,566,63488
937,photo_2020-09-17_16-26-34.jpg,956,1276,11,230,299,501,593,79674
938,photo_2020-09-17_16-26-35.jpg,956,1276,11,441,301,723,543,68244
939,photo_2020-09-17_16-27-16.jpg,956,1276,12,567,215,796,528,71677
940,photo_2020-09-17_16-27-17.jpg,956,1276,12,388,273,678,578,88450
941,photo_2020-09-17_16-27-18.jpg,956,1276,12,369,292,723,602,109740
942,photo_2020-09-17_16-27-19.jpg,956,1276,12,251,338,637,601,101518
943,photo_2020-09-17_16-27-20.jpg,956,1276,12,162,349,510,613,91872
944,photo_2020-09-17_16-27-21.jpg,956,1276,12,133,323,439,577,77724
945,photo_2020-09-17_16-27-23.jpg,956,1276,12,117,222,419,498,83352
946,photo_2020-09-17_16-27-42.jpg,956,1276,0,610,317,733,549,28536
947,photo_2020-09-17_16-27-43.jpg,956,1276,0,492,362,628,567,27880
948,photo_2020-09-17_16-27-44.jpg,956,1276,0,406,408,568,601,31266
949,photo_2020-09-17_16-27-45.jpg,956,1276,0,309,422,502,630,40144
95,20200828_091432.jpg,640,480,3,243,221,361,346,14750
950,photo_2020-09-17_16-27-46.jpg,956,1276,0,242,398,419,625,40179
951,photo_2020-09-17_16-27-48.jpg,956,1276,0,302,380,474,614,40248
952,photo_2020-09-17_16-27-49.jpg,956,1276,1,582,306,768,514,38688
953,photo_2020-09-17_16-28-38.jpg,956,1276,0,249,393,427,622,40762
954,photo_2020-09-17_16-29-38.jpg,956,1276,1,578,403,769,574,32661
955,photo_2020-09-17_16-29-40.jpg,956,1276,1,501,506,687,661,28830
956,photo_2020-09-17_16-29-41.jpg,956,1276,1,432,518,626,688,32980
957,photo_2020-09-17_16-29-42.jpg,956,1276,1,387,509,577,698,35910
958,photo_2020-09-17_16-29-43.jpg,956,1276,1,346,418,517,619,34371
959,photo_2020-09-17_16-29-44.jpg,956,1276,1,290,358,448,573,33970
96,20200828_091453.jpg,640,480,3,249,126,377,256,16640
960,photo_2020-09-17_16-30-13.jpg,956,1276,2,678,440,858,633,34740
961,photo_2020-09-17_16-30-14.jpg,956,1276,2,531,441,714,627,34038
962,photo_2020-09-17_16-30-16.jpg,956,1276,2,517,456,719,636,36360
963,photo_2020-09-17_16-30-19.jpg,956,1276,2,342,491,540,669,35244
964,photo_2020-09-17_16-31-27.jpg,956,1276,2,306,431,516,630,41790
965,photo_2020-09-17_16-31-28.jpg,956,1276,2,265,390,462,606,42552
966,photo_2020-09-17_16-31-29.jpg,956,1276,2,346,385,533,608,41701
967,photo_2020-09-17_16-32-11.jpg,956,1276,4,607,355,806,553,39402
968,photo_2020-09-17_16-32-12.jpg,956,1276,4,673,376,882,561,38665
969,photo_2020-09-17_16-32-13.jpg,956,1276,4,521,404,717,576,33712
97,20200828_091500.jpg,640,480,3,311,141,435,271,16120
970,photo_2020-09-17_16-32-14.jpg,956,1276,4,403,438,619,626,40608
971,photo_2020-09-17_16-32-15 (2).jpg,956,1276,4,457,412,681,626,47936
972,photo_2020-09-17_16-32-15.jpg,956,1276,4,342,549,587,761,51940
973,photo_2020-09-17_16-32-17.jpg,956,1276,4,203,292,410,529,49059
974,photo_2020-09-17_16-32-43.jpg,956,1276,3,525,255,724,452,39203
975,photo_2020-09-17_16-32-44.jpg,956,1276,3,540,399,740,570,34200
976,photo_2020-09-17_16-32-45.jpg,956,1276,3,446,413,658,593,38160
977,photo_2020-09-17_16-32-46 (2).jpg,956,1276,3,299,443,507,640,40976
978,photo_2020-09-17_16-32-46.jpg,956,1276,3,371,451,587,651,43200
979,photo_2020-09-17_16-32-47 (2).jpg,956,1276,3,306,337,468,526,30618
98,20200828_091524.jpg,640,480,3,256,162,366,271,11990
980,photo_2020-09-17_16-32-47.jpg,956,1276,3,334,422,524,627,38950
981,photo_2020-09-17_16-32-48.jpg,956,1276,3,293,327,451,515,29704
982,photo_2020-09-17_16-32-57.jpg,956,1276,3,290,324,449,524,31800
983,photo_2020-09-29_15-28-06.jpg,956,1276,9,156,640,321,893,41745
984,photo_2020-09-29_15-28-07.jpg,956,1276,9,248,583,477,885,69158
985,photo_2020-09-29_15-28-08 (2).jpg,956,1276,9,736,777,895,985,33072
986,photo_2020-09-29_15-28-08.jpg,956,1276,9,581,726,773,1011,54720
987,photo_2020-09-29_15-28-09.jpg,956,1276,9,729,872,941,1111,50668
988,photo_2020-09-29_15-28-10.jpg,956,1276,9,742,866,939,1104,46886
989,photo_2020-09-29_15-28-11.jpg,956,1276,9,702,839,868,1081,40172
99,20200828_091536.jpg,640,480,3,292,109,420,237,16384
990,photo_2020-09-29_15-28-12 (2).jpg,956,1276,9,210,557,369,781,35616
991,photo_2020-09-29_15-28-12.jpg,956,1276,9,512,704,697,960,47360
992,photo_2020-09-29_15-28-13.jpg,956,1276,9,175,585,400,846,58725
993,photo_2020-09-29_15-28-14.jpg,956,1276,9,236,526,425,800,51786
994,photo_2020-09-29_15-28-15.jpg,956,1276,9,300,559,444,789,33120
995,photo_2020-09-29_15-28-16.jpg,956,1276,9,384,491,522,738,34086
996,photo_2020-09-29_15-28-17 (2).jpg,956,1276,9,262,587,447,798,39035
997,photo_2020-09-29_15-28-17.jpg,956,1276,9,391,487,539,736,36852
998,photo_2020-09-29_15-28-18.jpg,956,1276,9,391,641,549,828,29546
999,photo_2020-09-29_15-28-19.jpg,956,1276,9,280,496,416,719,30328
